X,Y,isLandmark,SURFfeature1,SURFfeature2,SURFfeature3,SURFfeature4,SURFfeature5,SURFfeature6,SURFfeature7,SURFfeature8,SURFfeature9,SURFfeature10,SURFfeature11,SURFfeature12,SURFfeature13,SURFfeature14,SURFfeature15,SURFfeature16,SURFfeature17,SURFfeature18,SURFfeature19,SURFfeature20,SURFfeature21,SURFfeature22,SURFfeature23,SURFfeature24,SURFfeature25,SURFfeature26,SURFfeature27,SURFfeature28,SURFfeature29,SURFfeature30,SURFfeature31,SURFfeature32,SURFfeature33,SURFfeature34,SURFfeature35,SURFfeature36,SURFfeature37,SURFfeature38,SURFfeature39,SURFfeature40,SURFfeature41,SURFfeature42,SURFfeature43,SURFfeature44,SURFfeature45,SURFfeature46,SURFfeature47,SURFfeature48,SURFfeature49,SURFfeature50,SURFfeature51,SURFfeature52,SURFfeature53,SURFfeature54,SURFfeature55,SURFfeature56,SURFfeature57,SURFfeature58,SURFfeature59,SURFfeature60,SURFfeature61,SURFfeature62,SURFfeature63,SURFfeature64,BRISKfeature1,BRISKfeature2,BRISKfeature3,BRISKfeature4,BRISKfeature5,BRISKfeature6,BRISKfeature7,BRISKfeature8,BRISKfeature9,BRISKfeature10,BRISKfeature11,BRISKfeature12,BRISKfeature13,BRISKfeature14,BRISKfeature15,BRISKfeature16,BRISKfeature17,BRISKfeature18,BRISKfeature19,BRISKfeature20,BRISKfeature21,BRISKfeature22,BRISKfeature23,BRISKfeature24,BRISKfeature25,BRISKfeature26,BRISKfeature27,BRISKfeature28,BRISKfeature29,BRISKfeature30,BRISKfeature31,BRISKfeature32,BRISKfeature33,BRISKfeature34,BRISKfeature35,BRISKfeature36,BRISKfeature37,BRISKfeature38,BRISKfeature39,BRISKfeature40,BRISKfeature41,BRISKfeature42,BRISKfeature43,BRISKfeature44,BRISKfeature45,BRISKfeature46,BRISKfeature47,BRISKfeature48,BRISKfeature49,BRISKfeature50,BRISKfeature51,BRISKfeature52,BRISKfeature53,BRISKfeature54,BRISKfeature55,BRISKfeature56,BRISKfeature57,BRISKfeature58,BRISKfeature59,BRISKfeature60,BRISKfeature61,BRISKfeature62,BRISKfeature63,BRISKfeature64,HOGfeature1,HOGfeature2,HOGfeature3,HOGfeature4,HOGfeature5,HOGfeature6,HOGfeature7,HOGfeature8,HOGfeature9,HOGfeature10,HOGfeature11,HOGfeature12,HOGfeature13,HOGfeature14,HOGfeature15,HOGfeature16,HOGfeature17,HOGfeature18,HOGfeature19,HOGfeature20,HOGfeature21,HOGfeature22,HOGfeature23,HOGfeature24,HOGfeature25,HOGfeature26,HOGfeature27,HOGfeature28,HOGfeature29,HOGfeature30,HOGfeature31,HOGfeature32,HOGfeature33,HOGfeature34,HOGfeature35,HOGfeature36,FREAKfeature1,FREAKfeature2,FREAKfeature3,FREAKfeature4,FREAKfeature5,FREAKfeature6,FREAKfeature7,FREAKfeature8,FREAKfeature9,FREAKfeature10,FREAKfeature11,FREAKfeature12,FREAKfeature13,FREAKfeature14,FREAKfeature15,FREAKfeature16,FREAKfeature17,FREAKfeature18,FREAKfeature19,FREAKfeature20,FREAKfeature21,FREAKfeature22,FREAKfeature23,FREAKfeature24,FREAKfeature25,FREAKfeature26,FREAKfeature27,FREAKfeature28,FREAKfeature29,FREAKfeature30,FREAKfeature31,FREAKfeature32,FREAKfeature33,FREAKfeature34,FREAKfeature35,FREAKfeature36,FREAKfeature37,FREAKfeature38,FREAKfeature39,FREAKfeature40,FREAKfeature41,FREAKfeature42,FREAKfeature43,FREAKfeature44,FREAKfeature45,FREAKfeature46,FREAKfeature47,FREAKfeature48,FREAKfeature49,FREAKfeature50,FREAKfeature51,FREAKfeature52,FREAKfeature53,FREAKfeature54,FREAKfeature55,FREAKfeature56,FREAKfeature57,FREAKfeature58,FREAKfeature59,FREAKfeature60,FREAKfeature61,FREAKfeature62,FREAKfeature63,FREAKfeature64,
1216,277,1,-0.0065798,0.0014681,0.006752,0.0018234,-0.0062277,-0.0077284,0.071741,0.031282,0.048674,-0.02013,0.048674,0.021225,0.00030322,-0.0011805,0.0010708,0.0017374,-0.041076,-0.0026502,0.041405,0.0075202,-0.15117,-0.068921,0.45098,0.090214,0.29891,-0.11569,0.30037,0.1178,0.013363,-0.031553,0.01384,0.032404,-0.039138,-0.0032518,0.039255,0.0058576,-0.10992,0.020297,0.47101,0.070873,0.30551,0.19578,0.33192,0.19578,-0.011787,0.015319,0.020905,0.025285,-0.0057246,0.00069792,0.0057384,0.00088667,-0.0072707,0.019981,0.07255,0.02242,0.053575,-0.0044218,0.053575,0.0086646,-0.0017511,0.002225,0.0022846,0.0025457,0.011765,0.023529,0,0.0078431,0.0039216,0,0,0.0078431,0.13333,0,0,0.0078431,0,0.19216,0.12549,0.0039216,0.015686,0.25882,0,0.62745,0.25098,0,0,0.37647,0.25098,0,0.53333,0.25098,0.56471,0,0,0,0.56471,0.18824,0.31373,0.12549,0.26275,0.25098,0,0.25098,0.25098,0.062745,0.094118,0.043137,0.31373,0.078431,0.87843,0.29804,0.066667,0.031373,0.094118,0.015686,0.18824,0.035294,0.59608,0.035294,0.07451,0.38824,0.2,0.70588,0.25098,0.32157,0,0.9098,0.0027715,0.005989,0.099816,0.32087,0.32087,0.14411,0.038607,0.019151,0.00062032,0.03767,0.12275,0.22086,0.32087,0.30921,0.06661,0.047197,0.025831,0.02835,0.0074046,0.020198,0.1107,0.32087,0.32087,0.18662,0.060807,0.031739,0.0019708,0.018167,0.04078,0.08279,0.17118,0.20833,0.32087,0.20493,0.068628,0.009787,0.011765,0.023529,0,0.0078431,0.0039216,0,0,0.0078431,0.13333,0,0,0.0078431,0,0.19216,0.12549,0.0039216,0.015686,0.25882,0,0.62745,0.25098,0,0,0.37647,0.25098,0,0.53333,0.25098,0.56471,0,0,0,0.56471,0.18824,0.31373,0.12549,0.26275,0.25098,0,0.25098,0.25098,0.062745,0.094118,0.043137,0.31373,0.078431,0.87843,0.29804,0.066667,0.031373,0.094118,0.015686,0.18824,0.035294,0.59608,0.035294,0.07451,0.38824,0.2,0.70588,0.25098,0.32157,0,0.9098
948,299,0,-0.0081985,0.00022938,0.0082631,0.00095878,0.015166,-0.00021571,0.062281,0.009762,0.030616,-0.0068143,0.030616,0.0090466,0.00068384,0.00033298,0.0011678,0.00087085,-0.029932,0.0050565,0.030423,0.0092728,0.06592,0.019844,0.62441,0.11806,0.20289,0.018861,0.20289,0.06754,0.0022509,-0.0023761,0.0056596,0.0067975,-0.019122,0.0038519,0.020417,0.0075072,-0.00070566,0.046434,0.64101,0.088611,0.17421,-0.024414,0.17493,0.064756,-0.00048096,0.00054925,0.0066047,0.0053572,-0.0020216,-0.00017807,0.0025041,0.00058033,-0.0084356,-0.0095541,0.07712,0.013472,0.030337,-0.0072195,0.030337,0.0074476,4.465e-05,-0.00014075,0.0010378,0.00072686,0,0.027451,0.047059,0.58039,0.12549,0.082353,0.1098,0.21569,0.12549,0.27451,0.027451,0.015686,0.094118,0.20784,0.19216,0.023529,0.51765,0.3451,0,0.87843,0.81569,0.37647,0.81569,0.19608,0.3451,0,0.50196,0.31373,0.31373,0,0.19216,0.2549,0.83137,0.18824,0.31765,0.15686,0.32549,0.28235,0.50196,0.25098,0.43922,0.094118,0.094118,0.058824,0.95686,0.078431,0.90588,0.30588,0.098039,0.53333,0.094118,0.019608,0.94118,0.11373,0.59608,0.035294,0.066667,0.8902,0.2,0.70588,0.25098,0.32157,0,0.91765,0.0061769,0.0065392,0.025848,0.12359,0.36723,0.36723,0.065046,0.018008,0.0077351,0.017109,0.015474,0.05798,0.13826,0.36723,0.18875,0.06256,0.018343,0.025724,0.028953,0.016633,0.024972,0.14441,0.36723,0.36723,0.069536,0.028245,0.0060599,0.037833,0.031919,0.050819,0.085897,0.36723,0.24626,0.069993,0.013751,0.015498,0,0.027451,0.047059,0.58039,0.12549,0.082353,0.1098,0.21569,0.12549,0.27451,0.027451,0.015686,0.094118,0.20784,0.19216,0.023529,0.51765,0.3451,0,0.87843,0.81569,0.37647,0.81569,0.19608,0.3451,0,0.50196,0.31373,0.31373,0,0.19216,0.2549,0.83137,0.18824,0.31765,0.15686,0.32549,0.28235,0.50196,0.25098,0.43922,0.094118,0.094118,0.058824,0.95686,0.078431,0.90588,0.30588,0.098039,0.53333,0.094118,0.019608,0.94118,0.11373,0.59608,0.035294,0.066667,0.8902,0.2,0.70588,0.25098,0.32157,0,0.91765
1460,316,1,0.0010514,-0.0011289,0.0014771,0.0012612,-0.046178,-0.0022653,0.047361,0.007694,0.026309,0.0061926,0.063774,0.013952,0.0014246,0.00017217,0.0014912,0.00079923,0.0063096,-0.017108,0.022411,0.030989,-0.30118,-0.20942,0.32757,0.21077,0.31556,-0.00098371,0.3431,0.12011,0.0056054,-0.00080082,0.0071488,0.0033838,-0.027394,0.027125,0.027901,0.027691,-0.27269,0.081505,0.27269,0.13508,0.37344,0.0031177,0.37344,0.053337,0.0063929,-0.00050248,0.0073186,0.0036137,-0.00032143,0.00018853,0.00051275,0.00063984,-0.055403,0.0019157,0.055403,0.013622,0.053356,0.0063249,0.053356,0.0090765,0.00059079,0.00039761,0.00082818,0.00092816,0.015686,0.0078431,0.50588,0.50196,0,0.25882,0,0.27451,0,0,0.0078431,0.015686,0,0.50588,0.5451,0.13333,0.039216,0.25098,0.50588,0.015686,0,0.50196,0.047059,0.0039216,0.054902,0.50196,0.031373,0.0039216,0.50196,0.031373,0,0.28627,0.18824,0.023529,0.31765,0.54118,0,0.5098,0.019608,0.023529,0.51765,0.12549,0.031373,0,0.031373,0.53333,0.25098,0.75294,0.31373,0.14118,0.4549,0.062745,0.0039216,0.35294,0.14118,0.039216,0.50196,0.28235,0,0,0.28235,0.015686,0,0.37647,0.025807,0.13618,0.29906,0.29906,0.2579,0.076549,0.020466,0.032905,0.0096725,0.018583,0.17178,0.29906,0.27418,0.048229,0.028893,0.067569,0.22506,0.088301,0.0078286,0.023227,0.29906,0.29906,0.21041,0.038635,0.0081353,0.0086944,0.0036962,0.013792,0.047763,0.20293,0.29906,0.29906,0.099581,0.045776,0.079346,0.032948,0.015686,0.0078431,0.50588,0.50196,0,0.25882,0,0.27451,0,0,0.0078431,0.015686,0,0.50588,0.5451,0.13333,0.039216,0.25098,0.50588,0.015686,0,0.50196,0.047059,0.0039216,0.054902,0.50196,0.031373,0.0039216,0.50196,0.031373,0,0.28627,0.18824,0.023529,0.31765,0.54118,0,0.5098,0.019608,0.023529,0.51765,0.12549,0.031373,0,0.031373,0.53333,0.25098,0.75294,0.31373,0.14118,0.4549,0.062745,0.0039216,0.35294,0.14118,0.039216,0.50196,0.28235,0,0,0.28235,0.015686,0,0.37647
653,358,0,-0.0045357,-0.00080219,0.0045904,0.0025653,-0.0015,-0.0018442,0.071313,0.02327,0.033468,-0.002344,0.033468,0.0086739,0.00063224,-0.0012597,0.0012938,0.0021397,-0.039113,0.0020244,0.039573,0.012789,0.046322,0.023916,0.49898,0.12802,0.19584,0.035134,0.19584,0.087476,0.0053665,0.0020476,0.0092519,0.0060157,-0.022162,-0.0013066,0.023019,0.0094238,0.043149,-0.041285,0.73373,0.12894,0.14947,-0.041198,0.17701,0.073579,0.0071046,-0.0027217,0.011191,0.0096474,-0.003284,0.00026305,0.0037591,0.0010024,-0.0087291,-0.015007,0.093972,0.033512,0.037959,-0.013283,0.040879,0.024142,0.0011596,-3.3654e-06,0.001609,0.00083087,0.0078431,0.011765,0.047059,0.55686,0.15294,0.11373,0.1098,0.15294,0.21176,0.36078,0.11765,0.019608,0.094118,0.23529,0.23529,0.015686,0.14118,0.8549,0.25098,0.6902,0.81569,0.12549,0.75294,0.44706,0.3451,0,0.50196,0.31373,0.094118,0.81569,0.58431,0.38039,0.83137,0.18824,0.31765,0.12549,0.37255,0.2902,0.50196,0.40784,0.31373,0.11373,0.098039,0.058824,0.83137,0.078431,0.89412,0.30588,0.6,0.53333,0.094118,0.019608,0.94118,0.11373,0.60784,0.28627,0.07451,0.95294,0.2,0.70588,0.31373,0.32157,0.0078431,0.97255,0.023869,0.0077453,0.01537,0.054146,0.34179,0.34179,0.15222,0.035748,0.0058378,0.020485,0.018567,0.054144,0.044374,0.34179,0.34179,0.091445,0.073274,0.02835,0.01891,0.021293,0.020878,0.049328,0.34179,0.34179,0.18745,0.032706,0.013835,0.013237,0.029389,0.048406,0.050034,0.30314,0.31799,0.099394,0.03744,0.018167,0.0078431,0.011765,0.047059,0.55686,0.15294,0.11373,0.1098,0.15294,0.21176,0.36078,0.11765,0.019608,0.094118,0.23529,0.23529,0.015686,0.14118,0.8549,0.25098,0.6902,0.81569,0.12549,0.75294,0.44706,0.3451,0,0.50196,0.31373,0.094118,0.81569,0.58431,0.38039,0.83137,0.18824,0.31765,0.12549,0.37255,0.2902,0.50196,0.40784,0.31373,0.11373,0.098039,0.058824,0.83137,0.078431,0.89412,0.30588,0.6,0.53333,0.094118,0.019608,0.94118,0.11373,0.60784,0.28627,0.07451,0.95294,0.2,0.70588,0.31373,0.32157,0.0078431,0.97255
570,374,0,-0.0017754,-0.00016361,0.0026348,0.0019425,-0.0047709,0.016028,0.088535,0.01907,0.023954,0.0037185,0.026208,0.010671,0.00040333,0.00013803,0.00080823,0.00079992,-0.017775,0.00050113,0.018547,0.0067382,-0.027025,-0.014325,0.55645,0.11923,0.16678,0.023903,0.18379,0.057922,0.0024863,-0.00061212,0.0067102,0.0040383,-0.011876,-0.00031075,0.014706,0.0073075,-0.018181,-0.063154,0.70088,0.10401,0.18906,-0.031238,0.20279,0.074589,0.0032875,-0.001412,0.0068817,0.0057782,-0.0029219,-0.00086214,0.00331,0.001264,-0.0017086,0.0020314,0.082192,0.013407,0.029263,0.0031407,0.029723,0.0064727,0.00066351,0.00056746,0.00086947,0.00079185,0.0078431,0.015686,0.047059,0.5098,0.027451,0.53725,0.078431,0.0039216,0.21176,0.3451,0.11765,0.2549,0.094118,0.23922,0.14118,0.015686,0.015686,0.070588,0,0.6902,0.75294,0.12549,0.50588,0.38431,0.31373,0.015686,0.50196,0.25098,0.21961,0.81569,0.56863,0.38039,0.83137,0.18824,0.31373,0.12549,0.45098,0.28235,0.50196,0.37647,0.43922,0.12157,0.094118,0.058824,0.83137,0.078431,0.95686,0.3098,0.56863,0.53333,0.094118,0.019608,0.70588,0.035294,0.6,0.28627,0.07451,0.45098,0.19608,0.70588,0.31373,0.32549,0,0.9098,0.0073208,0.025218,0.02264,0.067574,0.34363,0.34363,0.087562,0.017701,0.00094445,0.0056609,0.024652,0.016937,0.040939,0.34363,0.34363,0.12503,0.033507,0.0041291,0.010692,0.030148,0.01113,0.060701,0.34363,0.34363,0.21681,0.018469,0.00075236,0.020404,0.035949,0.011579,0.046885,0.28287,0.33003,0.11276,0.02225,0.0058404,0.0078431,0.015686,0.047059,0.5098,0.027451,0.53725,0.078431,0.0039216,0.21176,0.3451,0.11765,0.2549,0.094118,0.23922,0.14118,0.015686,0.015686,0.070588,0,0.6902,0.75294,0.12549,0.50588,0.38431,0.31373,0.015686,0.50196,0.25098,0.21961,0.81569,0.56863,0.38039,0.83137,0.18824,0.31373,0.12549,0.45098,0.28235,0.50196,0.37647,0.43922,0.12157,0.094118,0.058824,0.83137,0.078431,0.95686,0.3098,0.56863,0.53333,0.094118,0.019608,0.70588,0.035294,0.6,0.28627,0.07451,0.45098,0.19608,0.70588,0.31373,0.32549,0,0.9098
1089,376,1,0.00042349,0.00029652,0.0008342,0.00078138,-0.035568,-0.014444,0.036647,0.019139,0.019282,-0.0031408,0.059101,0.0096342,0.0010288,0.00042305,0.0012789,0.00085699,-0.0018807,0.00050563,0.0039464,0.0060717,-0.34139,-0.13516,0.34213,0.15173,0.33597,0.016252,0.40269,0.10089,0.0079302,0.0013971,0.010373,0.0064737,-0.012163,-0.031307,0.036944,0.037518,-0.13228,0.22241,0.21341,0.31905,0.19792,0.028502,0.37536,0.16582,0.0029487,-0.00091233,0.0050607,0.0038239,0.0060992,0.0040934,0.0083767,0.0054102,0.0016386,0.0056814,0.010743,0.0073749,-0.025914,0.0032358,0.063569,0.021561,0.0034076,-0.00090426,0.0035267,0.001071,0.027451,0.019608,0,0.5098,0.0039216,0.50196,0,0.035294,0.0078431,0.25882,0.0039216,0,0,0.0078431,0.50196,0.011765,0.0078431,0.015686,0,0,0.0078431,0,0.031373,0.0039216,0.015686,0.50196,0,0.0039216,0.070588,0.031373,0,0.0039216,0.062745,0.023529,0.094118,0.54118,0,0.25098,0.011765,0.0078431,0,0.13333,0.047059,0.2549,0.0078431,0.047059,0.25098,0.56471,0.25098,0,0.18824,0.14118,0.011765,0,0.14118,0.16471,0.50196,0,0,0,0,0.015686,0.12549,0.12941,0.017584,0.023908,0.035607,0.05837,0.25623,0.27079,0.27079,0.054361,0.024549,0.012672,0.019115,0.079833,0.27079,0.27079,0.27079,0.12323,0.026918,0.019787,0.084076,0.044088,0.025898,0.016802,0.098032,0.27079,0.27079,0.2383,0.17586,0.17583,0.17345,0.12345,0.27079,0.26971,0.11817,0.087604,0.10143,0.16497,0.027451,0.019608,0,0.5098,0.0039216,0.50196,0,0.035294,0.0078431,0.25882,0.0039216,0,0,0.0078431,0.50196,0.011765,0.0078431,0.015686,0,0,0.0078431,0,0.031373,0.0039216,0.015686,0.50196,0,0.0039216,0.070588,0.031373,0,0.0039216,0.062745,0.023529,0.094118,0.54118,0,0.25098,0.011765,0.0078431,0,0.13333,0.047059,0.2549,0.0078431,0.047059,0.25098,0.56471,0.25098,0,0.18824,0.14118,0.011765,0,0.14118,0.16471,0.50196,0,0,0,0,0.015686,0.12549,0.12941
546,378,0,-0.0012763,-0.00030954,0.0015001,0.0016218,-0.031673,-0.0093852,0.068992,0.019454,0.04337,-0.0043802,0.04337,0.008472,0.00069502,0.00030469,0.0013526,0.00099079,-0.011272,-2.7454e-05,0.012531,0.0045367,-0.13902,0.044297,0.59183,0.10918,0.23873,0.041212,0.25828,0.074493,0.0090776,-0.00021272,0.011983,0.0037985,-0.0066726,-0.00051952,0.0081191,0.0075446,-0.16287,-0.033202,0.53518,0.14145,0.22519,-0.091302,0.23659,0.121,0.0074238,-0.0019006,0.012702,0.0040477,-0.0014312,0.00026519,0.0018503,0.00075388,-0.036323,-0.006462,0.07224,0.018559,0.041193,0.00045259,0.043348,0.017308,0.0020043,-5.9639e-05,0.0021295,0.00055257,0.0078431,0,0.031373,0.52549,0.0039216,0.031373,0.078431,0.027451,0.19608,0,0.18431,0.0039216,0.062745,0.20784,0.047059,0,0.019608,0.039216,0,0.56471,0.75294,0.12549,0.25098,0.38431,0.31373,0.015686,0.50196,0.25098,0.12549,0.62745,0.50588,0.25098,0.61569,0.18824,0.2549,0.12549,0.2,0.28235,0.53333,0.37647,0.43922,0.1098,0.15686,0.12941,0.58039,0.078431,0.96471,0.43529,0.56863,0.79216,0.094118,0.019608,0.70588,0.035294,0.84706,0.035294,0.07451,0.32549,0.21176,0.70588,0,0.32549,0,0.79216,0.011569,0.0067723,0.011568,0.042321,0.34992,0.34992,0.096367,0.026179,0.0082394,0.013307,0.028897,0.026088,0.041318,0.29802,0.34992,0.15504,0.093278,0.015635,0.0020625,0.019544,0.010045,0.066081,0.34992,0.34992,0.080636,0.012368,0.0075756,0.0050033,0.040632,0.025344,0.068792,0.34992,0.309,0.11293,0.033022,0.0059096,0.0078431,0,0.031373,0.52549,0.0039216,0.031373,0.078431,0.027451,0.19608,0,0.18431,0.0039216,0.062745,0.20784,0.047059,0,0.019608,0.039216,0,0.56471,0.75294,0.12549,0.25098,0.38431,0.31373,0.015686,0.50196,0.25098,0.12549,0.62745,0.50588,0.25098,0.61569,0.18824,0.2549,0.12549,0.2,0.28235,0.53333,0.37647,0.43922,0.1098,0.15686,0.12941,0.58039,0.078431,0.96471,0.43529,0.56863,0.79216,0.094118,0.019608,0.70588,0.035294,0.84706,0.035294,0.07451,0.32549,0.21176,0.70588,0,0.32549,0,0.79216
1577,384,1,-0.00027268,-0.0011385,0.00094113,0.0016887,-0.063407,0.0046784,0.064569,0.010849,0.045247,0.00052837,0.060322,0.011636,0.0015816,0.00026266,0.0017994,0.00057199,-0.0050413,-0.037319,0.028226,0.037678,-0.21575,-0.12156,0.28851,0.29054,0.26252,-0.031978,0.4101,0.096173,0.0087851,-0.0030375,0.010189,0.0043009,0.0010029,0.030808,0.01612,0.045146,-0.25241,0.10411,0.30108,0.16238,0.28853,0.0048528,0.46206,0.059135,0.0078339,0.0018699,0.0098353,0.0047493,-0.00047423,7.8496e-06,0.00079245,0.00044252,-0.051522,0.01013,0.051522,0.012668,0.030572,0.0060273,0.060509,0.012776,0.0012264,-0.00028222,0.0014223,0.0013154,0.25098,0.011765,0,0.031373,0,0.32157,0.0078431,0.019608,0,0.0078431,0.011765,0.015686,0,0.078431,0.16863,0.13725,0.015686,0.031373,0,0.51765,0.031373,0.62745,0.26667,0.50196,0.25098,0,0.53333,0.25098,0.50196,0,0,0,0.97255,0.062745,0.31765,0.12549,0.0039216,0.25882,0,0,0.62745,0.18824,0.094118,0.015686,0.20392,0.76863,0.63529,0.29804,0.066667,0.031373,0,0.019608,0.066667,0.28627,0.31373,0.53333,0.07451,0.26275,0.066667,0.20392,0.25098,0.32157,0.25098,0.40784,0.096445,0.27963,0.27963,0.21317,0.045601,0.059325,0.067802,0.083453,0.071675,0.14744,0.20637,0.19022,0.11028,0.11323,0.12335,0.19121,0.27026,0.18003,0.049337,0.27963,0.27963,0.27963,0.025186,0.0075398,0.019488,0.01686,0.016925,0.026883,0.27963,0.27963,0.27963,0.062538,0.026152,0.045488,0.047013,0.031665,0.25098,0.011765,0,0.031373,0,0.32157,0.0078431,0.019608,0,0.0078431,0.011765,0.015686,0,0.078431,0.16863,0.13725,0.015686,0.031373,0,0.51765,0.031373,0.62745,0.26667,0.50196,0.25098,0,0.53333,0.25098,0.50196,0,0,0,0.97255,0.062745,0.31765,0.12549,0.0039216,0.25882,0,0,0.62745,0.18824,0.094118,0.015686,0.20392,0.76863,0.63529,0.29804,0.066667,0.031373,0,0.019608,0.066667,0.28627,0.31373,0.53333,0.07451,0.26275,0.066667,0.20392,0.25098,0.32157,0.25098,0.40784
1430,386,0,-0.0048932,-0.00016442,0.0051776,0.00065223,0.028363,-0.017921,0.073559,0.019017,0.00823,-0.021478,0.010188,0.026223,0.00051631,-0.00049253,0.0014652,0.0012633,-0.01711,0.0028255,0.02242,0.0066914,0.10105,-0.016039,0.54439,0.086465,-0.0052119,-0.094177,0.3042,0.21672,0.014204,0.0016465,0.017674,0.008534,-0.014401,0.00066517,0.029657,0.0062708,0.08875,0.025559,0.58014,0.11631,0.11403,0.19655,0.227,0.23732,0.0016987,0.0035938,0.0070276,0.01064,0.00052903,0.00034368,0.00077045,0.0017258,0.0076985,-0.0031756,0.085516,0.010471,0.017567,-0.00049183,0.017567,0.0062583,-0.0003986,-0.00025765,0.00080996,0.0012818,0.0039216,0.77255,0.047059,0.53333,0.6549,0.23922,0.11373,0.062745,0.14118,0.27451,0.17647,0.25882,0.031373,0.47451,0.4549,0.1451,0.51765,0.98824,0.015686,0.87843,0.31373,0.44706,0.062745,0.43922,0.37647,0.14118,0.63137,0.3451,0.83137,0.062745,0.23922,0.19216,0.94118,0.20392,0.60392,0.031373,0.25882,0.38431,0.50196,0.75686,0.57255,0.54118,0.094118,0.058824,0.81569,0.33725,0.75294,0.29804,0.066667,0.53725,0.062745,0.019608,0.40784,0.11373,0.56078,0.035294,0.066667,0.82745,0.2,0.61176,0.31373,0.82353,0.16471,0.72549,0.051191,0.10014,0.22282,0.22692,0.25707,0.2216,0.1433,0.14291,0.054018,0.012062,0.023196,0.067861,0.29934,0.29934,0.26148,0.016789,0.014584,0.018805,0.14211,0.15673,0.23298,0.18298,0.19024,0.10441,0.055097,0.058454,0.078995,0.026133,0.02404,0.078492,0.29934,0.29934,0.29934,0.061379,0.022303,0.024741,0.0039216,0.77255,0.047059,0.53333,0.6549,0.23922,0.11373,0.062745,0.14118,0.27451,0.17647,0.25882,0.031373,0.47451,0.4549,0.1451,0.51765,0.98824,0.015686,0.87843,0.31373,0.44706,0.062745,0.43922,0.37647,0.14118,0.63137,0.3451,0.83137,0.062745,0.23922,0.19216,0.94118,0.20392,0.60392,0.031373,0.25882,0.38431,0.50196,0.75686,0.57255,0.54118,0.094118,0.058824,0.81569,0.33725,0.75294,0.29804,0.066667,0.53725,0.062745,0.019608,0.40784,0.11373,0.56078,0.035294,0.066667,0.82745,0.2,0.61176,0.31373,0.82353,0.16471,0.72549
461,394,0,-0.0036923,0.00057227,0.0038167,0.0010182,-0.0087284,3.7247e-06,0.063767,0.020723,0.038123,-0.0075062,0.039278,0.015515,-0.00033837,0.00068086,0.00063966,0.0015377,-0.016348,-0.0016795,0.016883,0.0082049,-0.0775,0.055224,0.60306,0.10451,0.24317,0.040377,0.25923,0.086941,0.0025086,-0.00034775,0.0051379,0.0070394,-0.010171,0.0032,0.011845,0.006471,-0.11541,-0.028257,0.56755,0.074129,0.20494,-0.099594,0.23588,0.10665,0.0047038,-0.0021828,0.0084477,0.0066601,-0.0005223,-8.1653e-05,0.00067048,0.0010119,-0.041868,-0.002013,0.065013,0.016034,0.048519,-0.0036974,0.048519,0.012239,0.00047227,-0.00021066,0.001009,0.00077247,0.0039216,0.027451,0.047059,0.047059,0.13333,0.34902,0.1098,0.027451,0.18824,0.56471,0.058824,0.52157,0.062745,0.20392,0.16078,0.011765,0.05098,0.10196,0.50196,0.63137,0.75294,0.18824,0.31373,0.76471,0.2549,0,0.50196,0.31373,0,0.25098,0.58431,0.25098,0.83137,0.18824,0.2549,0.12549,0.32549,0.2902,0.78431,0.37647,0.43922,0.11373,0.21961,0.15294,0.70588,0.32941,0.96863,0.43137,0.6,0.53333,0.094118,0.027451,0.94118,0.05098,0.59608,0.28235,0.07451,0.76471,0.2,0.7098,0.31373,0.45098,0,0.91765,0.0028883,0.0083236,0.007205,0.080149,0.35769,0.35769,0.05956,0.016576,0.0066727,0.014229,0.02223,0.018167,0.040139,0.27341,0.35769,0.1666,0.075362,0.036789,0.0047035,0.010851,0.013274,0.12264,0.35769,0.35769,0.030767,0.0042598,0.0032248,0.012358,0.022873,0.030525,0.16279,0.35769,0.25106,0.040779,0.02343,0.0083881,0.0039216,0.027451,0.047059,0.047059,0.13333,0.34902,0.1098,0.027451,0.18824,0.56471,0.058824,0.52157,0.062745,0.20392,0.16078,0.011765,0.05098,0.10196,0.50196,0.63137,0.75294,0.18824,0.31373,0.76471,0.2549,0,0.50196,0.31373,0,0.25098,0.58431,0.25098,0.83137,0.18824,0.2549,0.12549,0.32549,0.2902,0.78431,0.37647,0.43922,0.11373,0.21961,0.15294,0.70588,0.32941,0.96863,0.43137,0.6,0.53333,0.094118,0.027451,0.94118,0.05098,0.59608,0.28235,0.07451,0.76471,0.2,0.7098,0.31373,0.45098,0,0.91765
405,405,0,-0.0038086,0.00019652,0.0039344,0.0019051,-0.0027914,0.0074079,0.081129,0.016646,0.037034,0.0086382,0.037034,0.011405,-0.0005743,-0.00046191,0.0011277,0.0011123,-0.02269,-0.00046301,0.024325,0.0083903,-0.069609,-0.020395,0.51322,0.10316,0.27165,0.012729,0.27165,0.11624,-9.6733e-05,0.00030268,0.0051523,0.0067041,-0.020248,0.00060558,0.020739,0.0068299,-0.1366,0.030563,0.56054,0.14803,0.29299,-0.052745,0.29299,0.085115,0.0082097,-0.00031919,0.01446,0.0062215,-0.0023148,-0.00019999,0.0024265,0.0015743,-0.028667,-0.0016297,0.067557,0.014418,0.04429,0.00056024,0.04429,0.010628,0.0017873,-0.00025227,0.0024308,0.0007833,0.0039216,0.027451,0.031373,0.031373,0.12549,0.066667,0,0.023529,0.12549,0.070588,0.0078431,0.015686,0.062745,0.20392,0.16078,0.011765,0.015686,0.2902,0,0.62745,0.75294,0.12549,0.25098,0.76078,0.25098,0,0.50196,0.25098,0,0,0.066667,0.25098,0.83137,0.062745,0.31765,0.12549,0.31765,0.28235,0.50196,0.37647,0.43922,0.1098,0.21961,0.18431,0.83137,0.32941,0.90196,0.43137,0.098039,0.53333,0.094118,0.019608,0.6902,0.05098,0.59608,0.035294,0.07451,0.26275,0.2,0.70588,0.25098,0.32549,0,0.91765,0.0017066,0.0042753,0.0069861,0.060792,0.33368,0.33368,0.14938,0.010712,0.00024174,0.0063445,0.021802,0.02181,0.026653,0.33368,0.33368,0.063502,0.0045078,0.0038634,0.0049309,0.0042139,0.011448,0.081459,0.33368,0.33368,0.22289,0.016582,0.0037255,0.019576,0.02028,0.028895,0.055313,0.33368,0.33368,0.12377,0.020491,0.0084441,0.0039216,0.027451,0.031373,0.031373,0.12549,0.066667,0,0.023529,0.12549,0.070588,0.0078431,0.015686,0.062745,0.20392,0.16078,0.011765,0.015686,0.2902,0,0.62745,0.75294,0.12549,0.25098,0.76078,0.25098,0,0.50196,0.25098,0,0,0.066667,0.25098,0.83137,0.062745,0.31765,0.12549,0.31765,0.28235,0.50196,0.37647,0.43922,0.1098,0.21961,0.18431,0.83137,0.32941,0.90196,0.43137,0.098039,0.53333,0.094118,0.019608,0.6902,0.05098,0.59608,0.035294,0.07451,0.26275,0.2,0.70588,0.25098,0.32549,0,0.91765
599,415,1,-0.00020268,-0.00049338,0.00045209,0.00083458,-0.014495,-0.0052121,0.016304,0.0064385,-0.019491,-0.0021679,0.069212,0.013516,0.0031376,0.00079169,0.0031398,0.0012461,-0.001703,-0.04144,0.0088721,0.04144,-0.16128,-0.33567,0.18357,0.33567,0.18375,-0.051665,0.39774,0.12336,0.0042351,-0.00092737,0.012347,0.0057134,0.01008,0.033481,0.014098,0.034498,-0.2381,0.25096,0.24967,0.25239,0.30228,0.00023143,0.37317,0.07823,0.00090604,0.0020122,0.0065564,0.0035682,0.00097587,0.0019269,0.0011025,0.0021414,-0.05434,0.0014069,0.05434,0.0079076,0.029859,0.0028387,0.056515,0.015403,0.0011391,-0.00033619,0.0015347,0.00087988,0.019608,0.0078431,0.50588,0,0.0039216,0,0,0.30588,0,0,0.0078431,0.015686,0,0.027451,0.50588,0.0039216,0.039216,0,0.50588,0,0.50196,0,0.28235,0.011765,0.26667,0.50196,0,0.0039216,0.0078431,0.031373,0,0.25098,0.078431,0.5098,0.31765,0.50196,0.12549,0.50196,0.027451,0,0.0039216,0.12549,0,0.50196,0.015686,0,0.12549,0.75294,0.31373,0.12549,0.47059,0.062745,0.0039216,0,0.14118,0,0,0,0.0078431,0,0,0.019608,0,0.25882,0.26719,0.27316,0.1558,0.085731,0.037649,0.02355,0.049492,0.18797,0.155,0.054644,0.034103,0.030303,0.062835,0.10065,0.27316,0.27316,0.26911,0.15147,0.10181,0.27316,0.16417,0.23743,0.27316,0.12985,0.033742,0.044368,0.030724,0.0084966,0.0135,0.060513,0.14699,0.22903,0.27316,0.27316,0.05613,0.025263,0.019608,0.0078431,0.50588,0,0.0039216,0,0,0.30588,0,0,0.0078431,0.015686,0,0.027451,0.50588,0.0039216,0.039216,0,0.50588,0,0.50196,0,0.28235,0.011765,0.26667,0.50196,0,0.0039216,0.0078431,0.031373,0,0.25098,0.078431,0.5098,0.31765,0.50196,0.12549,0.50196,0.027451,0,0.0039216,0.12549,0,0.50196,0.015686,0,0.12549,0.75294,0.31373,0.12549,0.47059,0.062745,0.0039216,0,0.14118,0,0,0,0.0078431,0,0,0.019608,0,0.25882
894,437,1,-0.00012963,0.00041688,0.00083197,0.0006261,-0.051778,-0.015989,0.05239,0.016044,0.034981,0.009596,0.049423,0.017257,0.0015442,0.00010619,0.0016539,0.001055,-0.018029,-0.015897,0.019705,0.016569,-0.21421,-0.18181,0.27762,0.18901,0.30725,-0.017814,0.35264,0.084569,0.0068512,0.00042373,0.0075253,0.0026784,-0.023126,-0.021786,0.060196,0.04045,-0.13941,0.31512,0.219,0.33657,0.28185,0.049747,0.42889,0.11364,0.0042177,0.00042309,0.0066981,0.00317,0.0077534,0.0038826,0.0093025,0.0052311,-0.011832,0.0020996,0.01657,0.0071083,-0.0012511,0.00933,0.066597,0.019925,0.0005693,8.8611e-05,0.0010761,0.00082861,0.0039216,0.023529,0,0.5098,0,0,0,0.027451,0,0.25098,0.0078431,0.019608,0,0.12941,0.035294,0.0078431,0.023529,0.0078431,0.50196,0,0.75294,0.12549,0.28235,0.011765,0.25098,0,0,0,0,0,0.035294,0.2549,0.078431,0,0.31765,0.12549,0.12941,0.039216,0,0,0.51765,0.12549,0.031373,0.50196,0,0.50196,0.25098,0.2902,0.062745,0.12549,0.16078,0,0.14902,0.031373,0.16863,0.031373,0.011765,0.25882,0.0078431,0.50196,0,0.0078431,0.12549,0.2549,0.029003,0.016842,0.015347,0.034052,0.17383,0.26781,0.26781,0.048147,0.019481,0.02852,0.020201,0.040916,0.22951,0.26781,0.26781,0.17167,0.047329,0.026489,0.13512,0.021,0.019854,0.043731,0.11897,0.26781,0.26781,0.22759,0.2403,0.26781,0.074507,0.13573,0.26781,0.20241,0.079072,0.078715,0.10956,0.26209,0.0039216,0.023529,0,0.5098,0,0,0,0.027451,0,0.25098,0.0078431,0.019608,0,0.12941,0.035294,0.0078431,0.023529,0.0078431,0.50196,0,0.75294,0.12549,0.28235,0.011765,0.25098,0,0,0,0,0,0.035294,0.2549,0.078431,0,0.31765,0.12549,0.12941,0.039216,0,0,0.51765,0.12549,0.031373,0.50196,0,0.50196,0.25098,0.2902,0.062745,0.12549,0.16078,0,0.14902,0.031373,0.16863,0.031373,0.011765,0.25882,0.0078431,0.50196,0,0.0078431,0.12549,0.2549
372,441,0,-0.0035924,-5.1275e-05,0.0035924,0.0011327,0.0073042,-0.00055815,0.083428,0.019309,0.040866,-0.0018463,0.040866,0.0091942,-0.00038768,-0.0005443,0.0011671,0.0011048,-0.03573,0.005114,0.035805,0.015859,0.026211,0.022123,0.49878,0.11497,0.29064,-7.7381e-05,0.29064,0.085836,0.0078235,0.0012195,0.010403,0.0060739,-0.035072,-0.0036016,0.035147,0.010091,-0.0050724,-0.020103,0.58344,0.11731,0.29614,-0.017713,0.29614,0.053914,0.0065591,-0.00039878,0.0089594,0.004354,-0.0052986,-2.6226e-05,0.0053107,0.0010039,-0.0060932,-0.007915,0.066165,0.016416,0.053936,0.00045062,0.053936,0.0088231,0.00061382,-0.00047634,0.00083663,0.00086773,0.011765,0.027451,0.015686,0.52549,0.14902,0.11373,0.094118,0.19216,0.13333,0.32941,0.07451,0.019608,0.094118,0.20392,0.12549,0,0.015686,0.8549,0,0.62745,0.75294,0.12549,0.75294,0.44706,0.28235,0,0.50196,0.25098,0.062745,0,0.58431,0.2549,0.83137,0.18824,0.31765,0.12549,0.35686,0.28235,0.50196,0.37647,0.43922,0.1098,0.094118,0.058824,0.83137,0.078431,0.90196,0.30588,0.6,0.65882,0.094118,0.019608,0.94118,0.11373,0.59608,0.28627,0.07451,0.95294,0.2,0.70588,0.31373,0.32157,0.12549,0.9098,0.0076916,0.017598,0.040377,0.055554,0.32831,0.34443,0.068109,0.027912,0.0052176,0.0021381,0.0074025,0.005449,0.032649,0.34443,0.34443,0.1203,0.012308,0.001572,0.0004795,0.0021045,0.0070371,0.02663,0.34443,0.34443,0.093075,0.0024246,4.9454e-05,0.0073824,0.00098283,0.0012427,0.041042,0.34443,0.34443,0.15592,0.0039223,0.00093177,0.011765,0.027451,0.015686,0.52549,0.14902,0.11373,0.094118,0.19216,0.13333,0.32941,0.07451,0.019608,0.094118,0.20392,0.12549,0,0.015686,0.8549,0,0.62745,0.75294,0.12549,0.75294,0.44706,0.28235,0,0.50196,0.25098,0.062745,0,0.58431,0.2549,0.83137,0.18824,0.31765,0.12549,0.35686,0.28235,0.50196,0.37647,0.43922,0.1098,0.094118,0.058824,0.83137,0.078431,0.90196,0.30588,0.6,0.65882,0.094118,0.019608,0.94118,0.11373,0.59608,0.28627,0.07451,0.95294,0.2,0.70588,0.31373,0.32157,0.12549,0.9098
1631,446,1,-0.00010244,-0.00047718,0.00046507,0.00066984,-0.05167,-0.0014751,0.0523,0.0074523,0.041292,0.0047829,0.053906,0.0089968,0.00016295,2.3707e-05,0.00041367,0.00053946,0.015296,-0.030244,0.017181,0.036618,-0.32155,-0.11776,0.3399,0.12194,0.30622,-0.022112,0.34359,0.060715,0.0055274,-0.0009796,0.0074417,0.0038559,-0.015811,0.03222,0.016171,0.032739,-0.30434,0.031065,0.31033,0.15009,0.37206,-0.0068487,0.39227,0.051728,0.0045773,0.00034203,0.0059749,0.0050468,-0.00054291,0.000366,0.00082013,0.00048855,-0.057983,-0.0015516,0.058104,0.0072719,0.055338,0.0084336,0.055346,0.011168,0.00052453,0.00036199,0.0005704,0.00046899,0.019608,0.011765,0.50588,0.50196,0,0.25098,0.12549,0.27451,0,0.5098,0.0078431,0.015686,0.25098,0.52157,0.53725,0.13333,0.031373,0.28235,0.50588,0.37647,0.0078431,0,0.29804,0.51373,0.29804,0,0,0,0,0.015686,0.062745,0.0039216,0.4549,0.070588,0.44314,0.54118,0,0.88627,0.019608,0,0.50196,0.12549,0.094118,0.0078431,0.023529,0.51765,0.25098,0.5098,0.062745,0.15686,0.37647,0.20392,0.066667,0.3451,0.12549,0.031373,0.50588,0.25098,0,0.50196,0.25098,0,0.2549,0.87843,0.31516,0.31516,0.20576,0.0095028,0.01179,0.010525,0.0099526,0.013337,0.049064,0.2296,0.26159,0.17013,0.047261,0.17727,0.19377,0.048769,0.069766,0.11603,0.18805,0.31516,0.31516,0.019917,0.017445,0.002764,0.0088659,0.0060358,0.024369,0.27533,0.31516,0.31516,0.035627,0.018667,0.011186,0.012464,0.013181,0.044837,0.019608,0.011765,0.50588,0.50196,0,0.25098,0.12549,0.27451,0,0.5098,0.0078431,0.015686,0.25098,0.52157,0.53725,0.13333,0.031373,0.28235,0.50588,0.37647,0.0078431,0,0.29804,0.51373,0.29804,0,0,0,0,0.015686,0.062745,0.0039216,0.4549,0.070588,0.44314,0.54118,0,0.88627,0.019608,0,0.50196,0.12549,0.094118,0.0078431,0.023529,0.51765,0.25098,0.5098,0.062745,0.15686,0.37647,0.20392,0.066667,0.3451,0.12549,0.031373,0.50588,0.25098,0,0.50196,0.25098,0,0.2549,0.87843
1252,448,0,-0.00030585,-0.00085207,0.00088046,0.0013643,-0.048279,-0.00010183,0.048316,0.014714,0.054109,0.0063245,0.055418,0.0096626,7.1645e-05,-0.00058002,0.00091885,0.0015686,0.00045096,0.0015268,0.0083779,0.0052616,-0.16717,-0.041627,0.44703,0.072128,0.2713,0.03532,0.276,0.060277,0.0013675,-0.00047489,0.0095198,0.0082926,-0.0048437,-0.00064263,0.0072674,0.0080753,-0.18843,-0.084604,0.53877,0.11014,0.33907,-0.015664,0.34578,0.10081,0.0020663,0.001808,0.0082854,0.012056,-7.3933e-05,-0.00011525,0.0011196,0.00075146,-0.003897,0.023653,0.074982,0.023866,0.03166,0.00675,0.031949,0.011123,-0.00065136,-5.4804e-05,0.0016903,0.00088171,0.011765,0.0078431,0,0.039216,0.035294,0.56471,0,0,0.13333,0.12549,0.0039216,0.015686,0,0.082353,0.12941,0.0039216,0.015686,0.13333,0,0.56471,0.75294,0.12549,0.2549,0.25098,0.25098,0,0.50196,0.25098,0,0,0.50588,0.25098,0.61569,0.18824,0.31765,0.12549,0.35686,0.28235,0.65882,0.37647,0.37647,0.1098,0.031373,0.035294,0.83137,0.32941,0.95686,0.3098,0.56863,0.79216,0.094118,0.019608,0.70588,0.035294,0.84706,0.28627,0.07451,0.45098,0.086275,0.70588,0.062745,0.32549,0.12549,0.28235,0.039386,0.019631,0.041844,0.16128,0.33191,0.14895,0.040305,0.0064704,0.031455,0.0039555,0.0095021,0.028883,0.3082,0.33191,0.22995,0.018219,0.0099034,0.012772,0.043671,0.0074016,0.041662,0.13809,0.33191,0.33191,0.028642,0.011976,0.040661,0.0011901,0.0099612,0.037272,0.32728,0.33191,0.33191,0.032711,0.0021262,0.0022932,0.011765,0.0078431,0,0.039216,0.035294,0.56471,0,0,0.13333,0.12549,0.0039216,0.015686,0,0.082353,0.12941,0.0039216,0.015686,0.13333,0,0.56471,0.75294,0.12549,0.2549,0.25098,0.25098,0,0.50196,0.25098,0,0,0.50588,0.25098,0.61569,0.18824,0.31765,0.12549,0.35686,0.28235,0.65882,0.37647,0.37647,0.1098,0.031373,0.035294,0.83137,0.32941,0.95686,0.3098,0.56863,0.79216,0.094118,0.019608,0.70588,0.035294,0.84706,0.28627,0.07451,0.45098,0.086275,0.70588,0.062745,0.32549,0.12549,0.28235
332,481,0,-0.0030883,-5.682e-05,0.0030974,0.00056889,-0.028455,-0.0010154,0.055308,0.01367,0.056256,-0.0078644,0.056256,0.01293,-0.0035019,-0.003102,0.0035019,0.0035072,-0.022214,0.0013564,0.02226,0.0057355,-0.22029,-0.0092306,0.43262,0.072237,0.23647,-0.11368,0.35886,0.14746,-0.0081725,-0.02688,0.022023,0.027466,-0.0188,0.00040271,0.019408,0.0070854,-0.28841,0.022988,0.42588,0.08715,0.25855,0.070533,0.38167,0.143,-0.0095834,0.026696,0.031661,0.033385,-0.0027894,0.00016022,0.003202,0.00088932,-0.045442,0.0042295,0.048132,0.0088094,0.05904,-0.0021577,0.05904,0.0099853,-1.443e-05,0.0024023,0.0019159,0.0024326,0.76471,0.015686,0.50196,0.0078431,0.2549,0.0078431,0.023529,0.023529,0.0078431,0,0.023529,0.0078431,0,0.50588,0.0078431,0.0039216,0.047059,0.16863,0,0.58039,0.25098,0.52157,0.25098,0.25098,0.25882,0.25098,0.59608,0.25098,0.50196,0,0.50196,0.25098,0.58039,0.062745,0.25098,0.12549,0.12941,0,0,0,0.37647,0.062745,0.031373,0.0039216,0.58431,0.31373,0.64314,0.29804,0.066667,0.78431,0.031373,0.015686,0.58431,0.28627,0.3451,0.51373,0.07451,0.011765,0.070588,0.20392,0,0.31765,0.25098,0.28235,0.0050073,0.00077303,0.007542,0.027811,0.34169,0.34169,0.083977,0.0097354,0.0049674,0.027901,0.012644,0.016236,0.065293,0.34169,0.34169,0.084379,0.058994,0.036613,0.0019513,0.0012026,0.00086518,0.042929,0.34169,0.34169,0.037173,0.0030376,0.0005339,0.068232,0.10433,0.082576,0.089167,0.34169,0.34169,0.071853,0.035058,0.02509,0.76471,0.015686,0.50196,0.0078431,0.2549,0.0078431,0.023529,0.023529,0.0078431,0,0.023529,0.0078431,0,0.50588,0.0078431,0.0039216,0.047059,0.16863,0,0.58039,0.25098,0.52157,0.25098,0.25098,0.25882,0.25098,0.59608,0.25098,0.50196,0,0.50196,0.25098,0.58039,0.062745,0.25098,0.12549,0.12941,0,0,0,0.37647,0.062745,0.031373,0.0039216,0.58431,0.31373,0.64314,0.29804,0.066667,0.78431,0.031373,0.015686,0.58431,0.28627,0.3451,0.51373,0.07451,0.011765,0.070588,0.20392,0,0.31765,0.25098,0.28235
656,482,1,7.7553e-05,-3.0613e-05,0.00060079,0.00024987,-0.044743,-0.017319,0.04482,0.018227,0.029991,0.011411,0.0441,0.018675,0.00082762,8.4535e-05,0.00097169,0.00086435,-0.018406,-0.01428,0.018547,0.014507,-0.24051,-0.25266,0.34427,0.25994,0.37887,-0.073456,0.38295,0.13465,0.0041625,-0.0076551,0.0052748,0.0090723,-0.054614,-0.02756,0.054614,0.028899,0.059714,0.27052,0.2239,0.34669,0.086742,0.079437,0.16938,0.25928,0.007255,-0.031438,0.016937,0.042144,0.0043369,0.0037327,0.007348,0.0064335,0.011649,0.016525,0.013674,0.019465,-0.015582,0.0080651,0.01571,0.0096037,-0.0024433,0.0022831,0.0027025,0.0024031,0.0078431,0.011765,0.50196,0.5098,0.0039216,0.0078431,0,0.027451,0.0078431,0.25098,0.0078431,0.015686,0,0.51765,0.011765,0.0078431,0.29804,0.0078431,0.0039216,0,0.25098,0,0.78431,0.011765,0.25882,0.50196,0,0,0.0078431,0.031373,0,0.25098,0.082353,0.14902,0.31765,0.18824,0,0.25098,0.027451,0,0,0,0,0.0078431,0,0.078431,0.38039,0.80784,0.066667,0.12549,0.3451,0.015686,0.20392,0.031373,0.50196,0.54118,0.0039216,0.37647,0.13333,0.18824,0,0.26667,0,0.40784,0.0014176,0.052102,0.099761,0.27536,0.27536,0.27536,0.044925,0.019837,0.0035935,0.16494,0.26907,0.25371,0.27536,0.10402,0.053196,0.051792,0.058561,0.059451,0.012024,0.031992,0.020947,0.22402,0.27536,0.27536,0.26633,0.087722,0.035877,0.21165,0.13606,0.043049,0.05674,0.050115,0.17443,0.21206,0.16961,0.18954,0.0078431,0.011765,0.50196,0.5098,0.0039216,0.0078431,0,0.027451,0.0078431,0.25098,0.0078431,0.015686,0,0.51765,0.011765,0.0078431,0.29804,0.0078431,0.0039216,0,0.25098,0,0.78431,0.011765,0.25882,0.50196,0,0,0.0078431,0.031373,0,0.25098,0.082353,0.14902,0.31765,0.18824,0,0.25098,0.027451,0,0,0,0,0.0078431,0,0.078431,0.38039,0.80784,0.066667,0.12549,0.3451,0.015686,0.20392,0.031373,0.50196,0.54118,0.0039216,0.37647,0.13333,0.18824,0,0.26667,0,0.40784
842,491,0,6.7791e-05,0.00023294,0.0010476,0.00077216,0.010015,0.0020838,0.092344,0.011554,0.019474,-0.0068469,0.020392,0.0091146,0.00057014,-0.00092804,0.0009132,0.001354,-0.0044808,-0.0028993,0.010786,0.0078348,0.068142,-0.054787,0.62414,0.0981,0.11295,0.010417,0.17376,0.1573,0.0027194,-0.00034434,0.0064227,0.0051796,0.0033332,0.00075889,0.011173,0.0065313,0.032996,-0.0036142,0.62833,0.099601,0.20105,-0.031647,0.20624,0.11784,-0.0052096,-0.0014462,0.0082395,0.0026254,-0.00010799,-5.8982e-05,0.00086019,0.00053389,0.014751,0.011109,0.093968,0.012298,0.018013,0.02497,0.021951,0.026486,-0.0012986,0.00013176,0.0017103,0.00065602,0.011765,0.027451,0.047059,0.5098,0.15294,0.61569,0.094118,0.0039216,0.19608,0.35294,0.07451,0.0078431,0.59608,0.22353,0.14118,0.019608,0.015686,0.82353,0.015686,0.62745,0.75294,0.12549,0.50196,0.38431,0.28235,0.062745,0.50588,0.25098,0.062745,0,0.066667,0.2549,0.82353,0.18824,0.31373,0.62745,0.32549,0.28235,0.50196,0.37647,0.94118,0.1098,0.094118,0.058824,0.81569,0.078431,0.89412,0.3098,0.6,0.65882,0.094118,0.019608,0.94118,0.11373,0.61176,0.28627,0.07451,0.95294,0.2,0.73725,0.31373,0.32549,0.12549,0.98431,0.064651,0.11963,0.12147,0.2572,0.26352,0.12888,0.030323,0.059875,0.11154,0.015366,0.029833,0.09746,0.34496,0.34496,0.28747,0.037164,0.043499,0.014851,0.031604,0.058943,0.11925,0.19096,0.21789,0.12366,0.068044,0.10092,0.050115,0.0063014,0.0338,0.091844,0.34496,0.34496,0.27143,0.050147,0.054272,0.029401,0.011765,0.027451,0.047059,0.5098,0.15294,0.61569,0.094118,0.0039216,0.19608,0.35294,0.07451,0.0078431,0.59608,0.22353,0.14118,0.019608,0.015686,0.82353,0.015686,0.62745,0.75294,0.12549,0.50196,0.38431,0.28235,0.062745,0.50588,0.25098,0.062745,0,0.066667,0.2549,0.82353,0.18824,0.31373,0.62745,0.32549,0.28235,0.50196,0.37647,0.94118,0.1098,0.094118,0.058824,0.81569,0.078431,0.89412,0.3098,0.6,0.65882,0.094118,0.019608,0.94118,0.11373,0.61176,0.28627,0.07451,0.95294,0.2,0.73725,0.31373,0.32549,0.12549,0.98431
660,508,1,0.0028375,-0.010769,0.0028482,0.01084,0.0019554,-0.032361,0.01263,0.033777,-0.016338,-0.029379,0.019133,0.029896,-0.00099833,-0.0046818,0.0021233,0.0046818,-0.035516,0.041791,0.041575,0.071107,0.10757,-0.15337,0.22254,0.3543,0.11217,-0.024672,0.1557,0.21899,0.013893,0.03339,0.020653,0.046677,-0.007363,0.013566,0.02675,0.029916,-0.29929,0.29834,0.3361,0.29995,0.34367,-0.005462,0.4016,0.10672,0.0099057,0.01587,0.0099804,0.017744,9.3198e-05,0.0024651,0.0022619,0.0030495,-0.029242,0.0094823,0.037007,0.031415,0.00089438,0.020675,0.060513,0.057549,0.0042856,-0.0023734,0.0044511,0.0027531,0.019608,0.023529,0.0039216,0.53333,0,0.51765,0.0039216,0.3098,0.12549,0.27451,0.0078431,0.015686,0,0.023529,0.66275,0.011765,0.039216,0.39216,0.50196,0.12549,0.50196,0,0.3451,0.011765,0.047059,0.50196,0,0.0039216,0,0.031373,0.066667,0.28627,0.078431,0.023529,0.31765,0.54118,0,0.76078,0.011765,0.0078431,0.64314,0.12549,0.031373,0,0.015686,0.51765,0.25098,0.76078,0.062745,0.12549,0.18824,0.20392,0.0078431,0,0.14118,0.031373,0.062745,0.25882,0.039216,0.047059,0.25098,0.26667,0.12941,0.94902,0.24627,0.10406,0.073322,0.056743,0.069561,0.098141,0.12997,0.17955,0.26449,0.061469,0.086128,0.076647,0.058936,0.14191,0.26449,0.26449,0.26449,0.1503,0.17761,0.13773,0.20527,0.26449,0.1937,0.10253,0.026513,0.030376,0.068656,0.01245,0.034926,0.12549,0.26449,0.25744,0.26449,0.26449,0.04852,0.025401,0.019608,0.023529,0.0039216,0.53333,0,0.51765,0.0039216,0.3098,0.12549,0.27451,0.0078431,0.015686,0,0.023529,0.66275,0.011765,0.039216,0.39216,0.50196,0.12549,0.50196,0,0.3451,0.011765,0.047059,0.50196,0,0.0039216,0,0.031373,0.066667,0.28627,0.078431,0.023529,0.31765,0.54118,0,0.76078,0.011765,0.0078431,0.64314,0.12549,0.031373,0,0.015686,0.51765,0.25098,0.76078,0.062745,0.12549,0.18824,0.20392,0.0078431,0,0.14118,0.031373,0.062745,0.25882,0.039216,0.047059,0.25098,0.26667,0.12941,0.94902
413,512,0,-0.0020403,-0.0042297,0.0027538,0.0043662,0.027358,-0.023276,0.03533,0.023622,0.055186,-0.0058139,0.055186,0.010647,-0.00028167,-0.00083253,0.00093714,0.0015534,0.00061986,0.017662,0.017042,0.025053,0.065121,0.11685,0.27909,0.18376,0.43449,-0.012943,0.44297,0.12022,0.0053475,-0.00030458,0.0083293,0.0080378,0.022437,0.019371,0.024376,0.026372,0.015394,0.16009,0.45615,0.24944,0.24031,-0.0095068,0.2587,0.17746,0.009496,0.00027564,0.011307,0.003626,0.0073896,-0.0018954,0.0074054,0.0019741,0.0014811,0.033323,0.019141,0.038128,0.016642,0.027597,0.018438,0.028115,0.00071721,0.00065066,0.001038,0.0010912,0.015686,0.1451,0.42353,0.53333,0,0.090196,0.015686,0.27843,0.12549,0.77647,0.12941,0,0.31373,0.62745,0.69412,0.27843,0.79608,0.31373,0.0039216,0.39216,0.066667,0.56471,0.32941,0.63922,0.36078,0.0039216,0.51765,0.031373,0.25098,0.047059,0.18824,0.2549,0.81569,0.015686,0.34118,0.66667,0.0078431,0.47059,0.0039216,0.32941,0.18824,0.31373,0.21961,0.18431,0.32941,0.078431,0.26667,0.42353,0.6,0.67451,0.094118,0.015686,0.43922,0.11373,0.58039,0.28627,0.062745,0.94902,0.13725,0.73725,0.3451,0.33725,0.12549,0.98039,0.06896,0.15753,0.25317,0.25317,0.25317,0.20505,0.025167,0.013186,0.034338,0.079699,0.083826,0.14901,0.25317,0.25317,0.25317,0.089802,0.043046,0.043189,0.068639,0.083336,0.15659,0.25317,0.24655,0.17113,0.067226,0.029066,0.048833,0.07564,0.18488,0.16721,0.25317,0.25317,0.25317,0.14071,0.11705,0.052331,0.015686,0.1451,0.42353,0.53333,0,0.090196,0.015686,0.27843,0.12549,0.77647,0.12941,0,0.31373,0.62745,0.69412,0.27843,0.79608,0.31373,0.0039216,0.39216,0.066667,0.56471,0.32941,0.63922,0.36078,0.0039216,0.51765,0.031373,0.25098,0.047059,0.18824,0.2549,0.81569,0.015686,0.34118,0.66667,0.0078431,0.47059,0.0039216,0.32941,0.18824,0.31373,0.21961,0.18431,0.32941,0.078431,0.26667,0.42353,0.6,0.67451,0.094118,0.015686,0.43922,0.11373,0.58039,0.28627,0.062745,0.94902,0.13725,0.73725,0.3451,0.33725,0.12549,0.98039
639,531,1,-2.0535e-05,-0.00015756,0.00036303,0.00047037,-0.026787,-0.027788,0.029571,0.028382,-0.0060939,-0.016108,0.052305,0.049565,0.0039566,0.0031287,0.0041668,0.0032919,-0.022466,-0.028358,0.022877,0.029889,-0.19002,-0.16431,0.31496,0.31891,0.35401,0.076977,0.36346,0.1126,0.006252,0.0025669,0.0065719,0.0043607,-0.0020418,0.0062557,0.039012,0.049253,-0.12795,0.2889,0.26729,0.29488,0.22973,-0.065943,0.33496,0.097044,0.0063421,-0.0028764,0.0068922,0.0042848,0.0013073,0.0021598,0.0016655,0.0026605,-0.038558,0.0074336,0.039863,0.011142,0.018704,7.9677e-05,0.059992,0.010743,0.0012455,0.00063694,0.0013279,0.00075767,0,0.0039216,0.5098,0.57255,0,0.26275,0,0.15294,0,0.75294,0.0078431,0.019608,0.062745,0.51765,0.011765,0.13333,0.26667,0.31373,0.0039216,0.015686,0,0.53333,0.89412,0.011765,0.031373,0,0.50196,0,0,0,0.062745,0.2549,0.43922,0.13333,0.19216,0.6902,0.066667,0.25882,0.0078431,0.75294,0.062745,0.12549,0.078431,0.023529,0.031373,0.015686,0.2549,0.80784,0.066667,0.12549,0.47059,0.015686,0.18824,0.094118,0.50196,0.031373,0.56863,0.37647,0.13725,0.56471,0.25098,0.015686,0.0078431,0.87843,0.053143,0.017661,0.013369,0.0091431,0.045363,0.17703,0.29119,0.21248,0.23226,0.019644,0.016961,0.014733,0.12535,0.29119,0.29119,0.2204,0.08025,0.055071,0.059565,0.024213,0.047599,0.034346,0.011745,0.11498,0.29119,0.29119,0.29119,0.054349,0.066375,0.18516,0.29119,0.29119,0.10793,0.074675,0.11631,0.13332,0,0.0039216,0.5098,0.57255,0,0.26275,0,0.15294,0,0.75294,0.0078431,0.019608,0.062745,0.51765,0.011765,0.13333,0.26667,0.31373,0.0039216,0.015686,0,0.53333,0.89412,0.011765,0.031373,0,0.50196,0,0,0,0.062745,0.2549,0.43922,0.13333,0.19216,0.6902,0.066667,0.25882,0.0078431,0.75294,0.062745,0.12549,0.078431,0.023529,0.031373,0.015686,0.2549,0.80784,0.066667,0.12549,0.47059,0.015686,0.18824,0.094118,0.50196,0.031373,0.56863,0.37647,0.13725,0.56471,0.25098,0.015686,0.0078431,0.87843
443,535,0,-0.0035157,-0.0015562,0.0043608,0.0023946,-0.081103,-0.00024244,0.09189,0.033545,0.10316,0.0063523,0.10387,0.029222,0.00025219,-0.0023324,0.0022405,0.0027727,-0.045994,-0.017304,0.046673,0.01889,-0.098584,-0.088539,0.63149,0.20924,0.22293,-0.085476,0.25165,0.18617,-0.019612,-0.058171,0.034477,0.058171,-0.057401,-0.028492,0.057401,0.028659,-0.01336,-0.054815,0.3953,0.17578,0.049476,-0.13134,0.14542,0.28993,-0.0030439,0.0051543,0.028503,0.051554,-0.0089384,-0.0027009,0.0089384,0.0035044,0.022911,-0.012241,0.055716,0.02092,0.023041,0.01147,0.025488,0.019197,0.0018226,0.0018723,0.0020563,0.0021327,0.13333,0.50588,0.53333,0.54118,0.011765,0.54902,0.58039,0.027451,0.27843,0.75294,0.082353,0.75294,0.19216,0.19608,0.20392,0.1098,0.37255,0.070588,0.12549,0.63137,0.5098,0.20392,0.81961,0.38824,0.47451,0.57647,0,0.031373,0.011765,0.72157,0.078431,0.41176,0.52941,0.14118,0.32157,0.57255,0.25882,0.28235,0.66667,0.039216,0.12941,0.85882,0.14118,0.41176,0.58039,0.078431,0.45882,0.43137,0.81961,0.65882,0.6,0.047059,0.21176,0.0039216,0.69412,0.35686,0.066667,0.44706,0.19608,0.22353,0.31765,0.36471,0.031373,0.91765,0.081215,0.028577,0.07668,0.32154,0.32154,0.20941,0.088279,0.028334,0.066751,0.21954,0.20139,0.14726,0.14046,0.15037,0.082904,0.078659,0.052858,0.12545,0.021437,0.02366,0.12415,0.32154,0.32154,0.32154,0.13373,0.022793,0.019963,0.18003,0.13419,0.093093,0.12971,0.1976,0.16218,0.16956,0.0868,0.12535,0.13333,0.50588,0.53333,0.54118,0.011765,0.54902,0.58039,0.027451,0.27843,0.75294,0.082353,0.75294,0.19216,0.19608,0.20392,0.1098,0.37255,0.070588,0.12549,0.63137,0.5098,0.20392,0.81961,0.38824,0.47451,0.57647,0,0.031373,0.011765,0.72157,0.078431,0.41176,0.52941,0.14118,0.32157,0.57255,0.25882,0.28235,0.66667,0.039216,0.12941,0.85882,0.14118,0.41176,0.58039,0.078431,0.45882,0.43137,0.81961,0.65882,0.6,0.047059,0.21176,0.0039216,0.69412,0.35686,0.066667,0.44706,0.19608,0.22353,0.31765,0.36471,0.031373,0.91765
276,536,0,0.0055856,-0.0016954,0.0061345,0.0024094,0.026464,-0.031931,0.031828,0.034486,0.051954,-0.021119,0.058836,0.028854,0.007655,-0.00019728,0.0083053,0.0012663,0.036121,-0.016757,0.054713,0.018167,0.19619,-0.1033,0.20397,0.15528,0.33242,-0.065728,0.40617,0.21378,0.11114,-0.022385,0.11357,0.028655,0.078165,-0.028891,0.079458,0.036166,0.32855,-0.040518,0.32855,0.10197,0.27708,0.08428,0.29415,0.13222,0.1237,0.01282,0.12564,0.026512,0.018178,-0.0088327,0.019494,0.0095466,0.071196,-0.020358,0.0736,0.044899,0.10517,0.088724,0.10534,0.10159,0.0045453,0.003365,0.0055275,0.0056918,0.24314,0.20392,0.4902,0.63529,0.090196,0.39608,0.019608,0.42745,0.90196,0.27451,0.86667,0.20392,0.4902,0.18431,0.6902,0.4549,0.98431,0.83922,0.011765,0.43922,0.31765,0.0078431,0.56863,0.20392,0.86275,0.61176,0.89412,0.035294,0.32157,0.60392,0.9451,0.91373,0.81569,0.17255,0.082353,0.7451,0.2902,0.43922,0.0039216,0.32941,0.18824,0.25098,0.1098,0.058824,0.32941,0.078431,0.89412,0.29804,0.6,0.17255,0.062745,0.015686,0.43922,0.1098,0.51765,0.28627,0.094118,0.94902,0.13725,0.73725,0.3451,0.33725,0.12549,0.97255,0.053099,0.11356,0.19907,0.24238,0.24238,0.23736,0.1425,0.089042,0.048337,0.061694,0.15164,0.24238,0.24238,0.24238,0.11615,0.11397,0.08083,0.060153,0.066954,0.10678,0.13893,0.24238,0.24238,0.16166,0.15644,0.16948,0.098268,0.14315,0.07514,0.14406,0.15124,0.24238,0.17495,0.19733,0.20338,0.1395,0.24314,0.20392,0.4902,0.63529,0.090196,0.39608,0.019608,0.42745,0.90196,0.27451,0.86667,0.20392,0.4902,0.18431,0.6902,0.4549,0.98431,0.83922,0.011765,0.43922,0.31765,0.0078431,0.56863,0.20392,0.86275,0.61176,0.89412,0.035294,0.32157,0.60392,0.9451,0.91373,0.81569,0.17255,0.082353,0.7451,0.2902,0.43922,0.0039216,0.32941,0.18824,0.25098,0.1098,0.058824,0.32941,0.078431,0.89412,0.29804,0.6,0.17255,0.062745,0.015686,0.43922,0.1098,0.51765,0.28627,0.094118,0.94902,0.13725,0.73725,0.3451,0.33725,0.12549,0.97255
1067,554,0,-0.00017432,-0.00041263,0.0019413,0.0033617,-0.0092932,0.0053628,0.011026,0.015794,-0.004554,0.0084457,0.032773,0.025296,0.0006321,4.5158e-05,0.0011318,0.0015799,-0.00331,0.002393,0.0074436,0.014066,-0.16226,-0.09298,0.19385,0.12764,0.090643,-0.039157,0.27591,0.11212,0.0014244,0.002982,0.011049,0.010205,-0.0022106,-0.0020893,0.0097296,0.010419,-0.2735,-0.20622,0.46371,0.42674,0.36641,0.031796,0.37034,0.12214,0.0030154,0.00021253,0.0090236,0.0071835,-0.00011779,0.00020432,0.0012378,0.001638,-0.026309,0.0057091,0.051402,0.022932,0.039212,0.0087125,0.044861,0.014108,0.00069655,0.00094575,0.0029765,0.00138,0.26667,0.011765,0.51373,0.56471,0,0.27451,0,0.78039,0,0.26667,0.043137,0.015686,0.31765,0.64706,0.60784,0.63529,0.043137,0.25098,0.0039216,0.39216,0.039216,0.50588,0.39216,0.51373,0.30588,0.50196,0.54902,0.031373,0.50196,0.53333,0.062745,0.035294,0.43922,0.023529,0.45882,0.54118,0,0.4,0.027451,0.52549,0.50196,0.12549,0.094118,0.0078431,0.047059,0.054902,0.2549,0.51765,0.066667,0.14118,0.43922,0.062745,0.066667,0.35294,0.019608,0.039216,0.50196,0.40784,0.0039216,0.23529,0.29804,0.015686,0.12941,0.94118,0.068041,0.087401,0.090868,0.19446,0.26757,0.20113,0.10577,0.04369,0.07029,0.082124,0.12527,0.1311,0.21167,0.25918,0.15106,0.064896,0.048986,0.063634,0.093682,0.11266,0.082985,0.1894,0.26757,0.26757,0.077983,0.039159,0.074378,0.18742,0.22554,0.26757,0.26757,0.26757,0.26757,0.085468,0.084699,0.13822,0.26667,0.011765,0.51373,0.56471,0,0.27451,0,0.78039,0,0.26667,0.043137,0.015686,0.31765,0.64706,0.60784,0.63529,0.043137,0.25098,0.0039216,0.39216,0.039216,0.50588,0.39216,0.51373,0.30588,0.50196,0.54902,0.031373,0.50196,0.53333,0.062745,0.035294,0.43922,0.023529,0.45882,0.54118,0,0.4,0.027451,0.52549,0.50196,0.12549,0.094118,0.0078431,0.047059,0.054902,0.2549,0.51765,0.066667,0.14118,0.43922,0.062745,0.066667,0.35294,0.019608,0.039216,0.50196,0.40784,0.0039216,0.23529,0.29804,0.015686,0.12941,0.94118
1090,554,0,0.00042364,-0.0014069,0.0013354,0.0027265,-0.03924,-0.0031749,0.046051,0.011824,0.042067,-0.021685,0.046414,0.027981,0.0004364,0.00093929,0.0014472,0.0017305,-0.0032692,0.0052816,0.012954,0.010081,-0.30836,0.0066133,0.33482,0.098978,0.33907,0.068674,0.36854,0.12356,0.0029581,-0.00081062,0.0081563,0.0094191,-0.0040428,-0.0040971,0.0076224,0.0096264,-0.30538,-0.031989,0.34069,0.082151,0.35318,-0.047001,0.37862,0.086293,-0.0039393,-0.001254,0.011559,0.011094,-0.0010074,-0.00019687,0.0017116,0.00076921,-0.037773,0.0088414,0.040273,0.014409,0.043751,0.0064479,0.044187,0.012755,0.00029057,-0.0011389,0.0010244,0.0021179,0.0078431,0.011765,0,0.0078431,0.0039216,0.0078431,0.015686,0.0078431,0.0078431,0.0078431,0.0039216,0.015686,0,0.019608,0,0.0039216,0.015686,0.16471,0,0.56471,0.75294,0.12549,0.25098,0.76078,0.25098,0,0.50196,0.25098,0,0.62745,0.50588,0.25098,0.56078,0.094118,0.76471,0.12549,0.16078,0.031373,0.031373,0,0.12549,0.062745,0.062745,0.50588,0.078431,0.43922,0.71765,0.3098,0.18824,0.79216,0.53333,0.0078431,0.70588,0.035294,0.3451,0.062745,0.027451,0.011765,0.086275,0.69412,0.12549,0.45098,0.25098,0.2902,0.035849,0.035478,0.039225,0.29527,0.29527,0.24489,0.087629,0.029143,0.025202,0.0096958,0.02153,0.037073,0.29527,0.29527,0.25362,0.080057,0.03732,0.037231,0.023623,0.059514,0.078122,0.29527,0.29527,0.24878,0.048901,0.02941,0.020474,0.033851,0.090051,0.077926,0.29527,0.29527,0.22839,0.090881,0.034847,0.033835,0.0078431,0.011765,0,0.0078431,0.0039216,0.0078431,0.015686,0.0078431,0.0078431,0.0078431,0.0039216,0.015686,0,0.019608,0,0.0039216,0.015686,0.16471,0,0.56471,0.75294,0.12549,0.25098,0.76078,0.25098,0,0.50196,0.25098,0,0.62745,0.50588,0.25098,0.56078,0.094118,0.76471,0.12549,0.16078,0.031373,0.031373,0,0.12549,0.062745,0.062745,0.50588,0.078431,0.43922,0.71765,0.3098,0.18824,0.79216,0.53333,0.0078431,0.70588,0.035294,0.3451,0.062745,0.027451,0.011765,0.086275,0.69412,0.12549,0.45098,0.25098,0.2902
1258,555,0,-0.0029492,0.00028934,0.0032954,0.0012688,0.021636,0.0054162,0.10626,0.015073,0.02044,0.0030301,0.024151,0.010817,2.4927e-05,-0.00018735,0.0014069,0.0017457,-0.0024029,0.001818,0.0080502,0.0058831,0.055023,0.028488,0.65588,0.1174,0.13749,-0.027192,0.14934,0.059449,-0.001845,-0.0019214,0.003729,0.0065685,0.0021079,0.00075697,0.0077491,0.007934,0.091364,0.034722,0.66288,0.11008,0.081096,0.014858,0.084889,0.07659,-0.0017157,0.0029433,0.0086503,0.008672,-6.7791e-05,-0.00057763,0.00057094,0.0014297,0.0064882,0.0050494,0.10573,0.013353,0.014667,0.0050196,0.020187,0.0078651,0.00051725,-0.00092307,0.0014702,0.0015809,0,0.019608,0.047059,0.078431,0.13725,0.07451,0.10196,0.21569,0.18824,0.47843,0.023529,0.019608,0.094118,0.19216,0.13725,0.023529,0.54902,0.3451,0.0039216,0.62745,0.75294,0.87843,0.75294,0.19608,0.28235,0.031373,0.50196,0.31373,0.47059,0,0.19216,0.37647,0.83529,0.18824,0.31765,0.12549,0.32549,0.28235,0.50196,0.37647,0.43922,0.1098,0.094118,0.054902,0.81569,0.078431,0.8902,0.30588,0.6,0.53333,0.094118,0.019608,0.94118,0.11373,0.61176,0.28627,0.07451,0.95294,0.2,0.73725,0.31373,0.32157,0,0.98039,0.037032,0.018935,0.055356,0.15619,0.37435,0.096592,0.046157,0.018052,0.027573,0.007225,0.0074929,0.062916,0.37435,0.37435,0.33024,0.064759,0.0057283,0.0052726,0.063676,0.03316,0.047524,0.15941,0.24109,0.057135,0.048098,0.030712,0.062135,0.0095334,0.010953,0.091562,0.37435,0.37435,0.17299,0.017703,0.0015819,0.004293,0,0.019608,0.047059,0.078431,0.13725,0.07451,0.10196,0.21569,0.18824,0.47843,0.023529,0.019608,0.094118,0.19216,0.13725,0.023529,0.54902,0.3451,0.0039216,0.62745,0.75294,0.87843,0.75294,0.19608,0.28235,0.031373,0.50196,0.31373,0.47059,0,0.19216,0.37647,0.83529,0.18824,0.31765,0.12549,0.32549,0.28235,0.50196,0.37647,0.43922,0.1098,0.094118,0.054902,0.81569,0.078431,0.8902,0.30588,0.6,0.53333,0.094118,0.019608,0.94118,0.11373,0.61176,0.28627,0.07451,0.95294,0.2,0.73725,0.31373,0.32157,0,0.98039
927,563,1,-0.00011259,-0.0010862,0.00094786,0.0020296,-0.010807,-0.007805,0.012032,0.0086311,-0.022302,-0.0076444,0.057216,0.029699,0.0041828,0.0010362,0.0044944,0.0019951,-0.011737,-0.0076383,0.012569,0.012931,-0.27593,-0.29253,0.27831,0.30299,0.24935,-0.029471,0.41137,0.1367,0.0065154,0.0023114,0.012047,0.010914,-0.030314,-0.031076,0.053019,0.037601,-0.065846,0.21944,0.16491,0.2991,0.20894,-0.0046418,0.411,0.13276,0.0052028,0.00027751,0.0078544,0.004585,0.0065094,0.0063214,0.007647,0.0072566,-0.017289,0.0086469,0.024335,0.011415,-0.0020497,0.024946,0.060432,0.030235,0.00098963,0.00032153,0.0016333,0.00094531,0.0039216,0.027451,0,0.0078431,0.0039216,0.25882,0.12549,0.054902,0,0,0.0078431,0.015686,0,0.52941,0.53725,0.0078431,0.039216,0,0.50588,0.015686,0,0.50196,0.26667,0.011765,0.25098,0.50196,0,0,0,0,0.031373,0,0.18824,0.0078431,0.31765,0.62745,0.0039216,0.0078431,0.0039216,0,0.51765,0.12549,0.094118,0.5098,0.015686,0.50196,0,0.78431,0.062745,0.12549,0.38039,0.062745,0.066667,0.031373,0,0,0.53725,0,0.0078431,0.12549,0,0.015686,0.027451,0.25098,0.031101,0.02009,0.088316,0.17309,0.28597,0.28597,0.17104,0.021369,0.044954,0.031838,0.17169,0.28597,0.28597,0.19678,0.12533,0.050517,0.018505,0.043141,0.049638,0.055403,0.02735,0.04103,0.20669,0.28597,0.28597,0.047772,0.079448,0.13476,0.28597,0.28597,0.262,0.075721,0.11348,0.08149,0.047725,0.10776,0.0039216,0.027451,0,0.0078431,0.0039216,0.25882,0.12549,0.054902,0,0,0.0078431,0.015686,0,0.52941,0.53725,0.0078431,0.039216,0,0.50588,0.015686,0,0.50196,0.26667,0.011765,0.25098,0.50196,0,0,0,0,0.031373,0,0.18824,0.0078431,0.31765,0.62745,0.0039216,0.0078431,0.0039216,0,0.51765,0.12549,0.094118,0.5098,0.015686,0.50196,0,0.78431,0.062745,0.12549,0.38039,0.062745,0.066667,0.031373,0,0,0.53725,0,0.0078431,0.12549,0,0.015686,0.027451,0.25098
1502,572,0,-0.00025909,9.6344e-05,0.0010429,0.00092192,-0.034163,-0.0074915,0.062919,0.013869,0.048367,0.0024965,0.051764,0.014608,-0.00034413,0.00022533,0.0010958,0.00085462,9.9284e-05,0.00040628,0.0068027,0.0066698,-0.16072,-0.0079762,0.47385,0.071861,0.28771,0.012903,0.29189,0.055727,-0.0022349,-0.0026504,0.0053316,0.0063202,-0.0016187,-0.00051018,0.0061698,0.005586,-0.041522,-0.068815,0.65566,0.10212,0.21276,0.017257,0.22523,0.086013,0.0022821,0.00081656,0.010095,0.008298,-0.00036852,0.00016563,0.00069303,0.00064714,-0.0045223,0.0068533,0.09636,0.0081003,0.031526,0.00039497,0.034169,0.0074935,0.00054614,-0.00028375,0.001698,0.0013237,0.011765,0.015686,0,0.0078431,0.035294,0.5098,0,0.011765,0.13333,0,0.027451,0.015686,0.062745,0.19216,0.12549,0.0039216,0.015686,0.039216,0,0.56471,0.75294,0.13333,0.31765,0.26275,0.25098,0.062745,0.50196,0.26667,0,0,0.50588,0.25098,0.59216,0.18824,0.2549,0.12549,0.32549,0.031373,0.50196,0.37647,0.37647,0.1098,0.094118,0.043137,0.83137,0.32941,0.65098,0.3098,0.6,0.65882,0.094118,0.019608,0.94118,0.098039,0.59608,0.28627,0.07451,0.45098,0.2,0.7098,0.062745,0.32549,0.12549,0.79216,0.019845,0.026415,0.094828,0.24089,0.35051,0.12666,0.057352,0.017214,0.035954,0.0088238,0.0090712,0.12826,0.35051,0.35051,0.18977,0.025341,0.011758,0.002064,0.045328,0.058801,0.070271,0.16884,0.35051,0.12582,0.052456,0.044516,0.028011,0.010276,0.057187,0.11422,0.35051,0.35051,0.20589,0.031874,0.016202,0.0044684,0.011765,0.015686,0,0.0078431,0.035294,0.5098,0,0.011765,0.13333,0,0.027451,0.015686,0.062745,0.19216,0.12549,0.0039216,0.015686,0.039216,0,0.56471,0.75294,0.13333,0.31765,0.26275,0.25098,0.062745,0.50196,0.26667,0,0,0.50588,0.25098,0.59216,0.18824,0.2549,0.12549,0.32549,0.031373,0.50196,0.37647,0.37647,0.1098,0.094118,0.043137,0.83137,0.32941,0.65098,0.3098,0.6,0.65882,0.094118,0.019608,0.94118,0.098039,0.59608,0.28627,0.07451,0.45098,0.2,0.7098,0.062745,0.32549,0.12549,0.79216
406,576,0,-0.0064761,0.00148,0.0064761,0.0028615,0.019903,0.0087132,0.056263,0.021362,0.063952,-0.021884,0.065336,0.028664,-0.00043919,0.00094351,0.001349,0.0028958,-0.013887,0.014041,0.036875,0.016894,-0.16601,0.19985,0.32293,0.21031,0.43053,-0.040631,0.43053,0.1305,-0.0031731,-0.0049968,0.0078057,0.015014,-0.0050615,0.0052757,0.037648,0.019219,-0.20031,0.0726,0.20319,0.15743,0.33473,0.071954,0.33473,0.16071,0.016688,-0.0029133,0.019875,0.011143,0.0036168,-0.0011508,0.0046698,0.0028932,-0.036062,0.008265,0.050976,0.024344,0.03322,-0.019618,0.048898,0.025814,0.0024942,6.1096e-05,0.0027725,0.0014305,0.015686,0.13725,0.69412,0.56471,0,0,0.12549,0.40392,0,0.5098,0.76471,0.015686,0.25098,0.50196,0.6,0.0078431,0.78431,0.28235,0.26275,0.4,0.0078431,0.62745,0.26667,0.51373,0.8,0.031373,0.65098,0.78431,0,0.51765,0.18824,0.031373,0.32157,0.086275,0.27059,0.66667,0,0.16471,0.0039216,0.25098,0.62745,0.12549,0.062745,0.023529,0.25882,0.14118,0.0039216,0.80784,0.10588,0.15686,0.18824,0.31373,0.18824,0.094118,0.078431,0.28235,0.50196,0.38431,0.011765,0.69412,0.28235,0.023529,0.38039,0.88627,0.074653,0.15743,0.25155,0.25155,0.25155,0.17422,0.060738,0.006885,0.024731,0.051316,0.10334,0.10954,0.24785,0.25155,0.25155,0.12997,0.052914,0.054728,0.13571,0.16997,0.22249,0.25155,0.25155,0.096688,0.032178,0.035344,0.061247,0.070251,0.1837,0.24965,0.25155,0.25155,0.18677,0.062659,0.035904,0.052223,0.015686,0.13725,0.69412,0.56471,0,0,0.12549,0.40392,0,0.5098,0.76471,0.015686,0.25098,0.50196,0.6,0.0078431,0.78431,0.28235,0.26275,0.4,0.0078431,0.62745,0.26667,0.51373,0.8,0.031373,0.65098,0.78431,0,0.51765,0.18824,0.031373,0.32157,0.086275,0.27059,0.66667,0,0.16471,0.0039216,0.25098,0.62745,0.12549,0.062745,0.023529,0.25882,0.14118,0.0039216,0.80784,0.10588,0.15686,0.18824,0.31373,0.18824,0.094118,0.078431,0.28235,0.50196,0.38431,0.011765,0.69412,0.28235,0.023529,0.38039,0.88627
431,577,0,-0.0089987,-0.0011661,0.0092369,0.0033442,0.0079846,0.01436,0.038732,0.038367,0.049076,0.024614,0.054597,0.026345,0.0031697,0.00065346,0.0039319,0.0025465,-0.0043165,0.04611,0.036044,0.062398,0.022821,0.14683,0.34619,0.21529,0.24847,-0.026221,0.26312,0.11964,0.0033829,0.00070088,0.010702,0.010122,-0.00063459,0.015613,0.021003,0.019187,-0.27832,-0.056143,0.4963,0.13285,0.37068,0.039936,0.37068,0.10571,-0.0071841,0.0034016,0.0097549,0.0092052,-0.0017432,-0.0017144,0.0018458,0.0027385,-0.013864,-0.019199,0.087218,0.038513,0.037227,-0.025993,0.042285,0.032413,0.0017285,-0.0016426,0.0033209,0.0026815,0.015686,0.011765,0.015686,0.094118,0.12549,0.69412,0.16471,0.4549,0.12549,0.10196,0.0078431,0.015686,0.25098,0.2549,0.16078,0.011765,0.015686,0.28235,0.75686,0.76078,0.75686,0.12549,0.25098,0.82353,0.25098,0.031373,0.51765,0.75294,0,0.015686,0.63137,0.25098,0.37255,0.062745,0.75686,0.62745,0.34902,0.15686,0.50196,0.37647,0.47059,0.23529,0.094118,0.054902,0.95686,0.96078,0.51373,0.30588,0.094118,0.67451,0.094118,0.027451,0.94118,0.36471,0.094118,0.28627,0.090196,0.76471,0.07451,0.7098,0.28235,0.44706,0.37647,0.37647,0.08845,0.089528,0.10249,0.13788,0.19555,0.27288,0.11037,0.072875,0.090683,0.084729,0.092814,0.096829,0.14946,0.27288,0.27288,0.23079,0.12862,0.14204,0.042366,0.024199,0.064731,0.27288,0.27288,0.27288,0.11642,0.08947,0.061828,0.037731,0.034674,0.041354,0.27288,0.27288,0.27288,0.19678,0.07529,0.048613,0.015686,0.011765,0.015686,0.094118,0.12549,0.69412,0.16471,0.4549,0.12549,0.10196,0.0078431,0.015686,0.25098,0.2549,0.16078,0.011765,0.015686,0.28235,0.75686,0.76078,0.75686,0.12549,0.25098,0.82353,0.25098,0.031373,0.51765,0.75294,0,0.015686,0.63137,0.25098,0.37255,0.062745,0.75686,0.62745,0.34902,0.15686,0.50196,0.37647,0.47059,0.23529,0.094118,0.054902,0.95686,0.96078,0.51373,0.30588,0.094118,0.67451,0.094118,0.027451,0.94118,0.36471,0.094118,0.28627,0.090196,0.76471,0.07451,0.7098,0.28235,0.44706,0.37647,0.37647
965,580,0,0.00038908,0.00017857,0.00088452,0.00082194,-0.042551,-0.0059261,0.04712,0.014663,0.047714,-0.0018831,0.048418,0.0097303,-0.00055723,7.0202e-05,0.00095489,0.00080003,0.00058771,-0.00061343,0.0056039,0.0071975,-0.32439,-0.0014638,0.37625,0.12032,0.36802,0.0055588,0.36802,0.12643,-0.0043677,-0.00081542,0.0063867,0.0051602,0.0062306,-0.0011596,0.013668,0.0084361,-0.22224,-0.03249,0.43511,0.10357,0.27492,0.030249,0.28781,0.10918,0.0023438,-9.718e-05,0.0046874,0.0040792,-0.00068662,-0.00014466,0.0010254,0.0022511,-0.041158,-0.014106,0.1037,0.025175,0.055845,-0.011717,0.060002,0.020618,0.00013897,0.000395,0.00066231,0.0011222,0,0.011765,0,0.062745,0,0,0.015686,0.023529,0,0.5098,0.0039216,0.015686,0.062745,0.26667,0.0039216,0.0078431,0.015686,0.039216,0.50196,0.5098,0.75294,0.12549,0.2549,0.76471,0.25098,0,0.50196,0.75294,0,0.51765,0.50588,0.25098,0.61961,0.062745,0.2549,0.12549,0.098039,0.031373,0.25882,0.25098,0.12549,0.12549,0.062745,0.12549,0.70588,0.32941,0.6549,0.43137,0.098039,0.79216,0.031373,0.26275,0.6902,0.094118,0.3451,0,0.027451,0.26275,0.090196,0.7098,0,0.44706,0.25098,0.2902,0.016186,0.042255,0.14974,0.33089,0.33089,0.15618,0.046769,0.015309,0.026492,0.015118,0.03725,0.18733,0.33089,0.33089,0.12066,0.020131,0.015948,0.043678,0.02457,0.052667,0.12871,0.33089,0.23338,0.08062,0.028552,0.011578,0.021095,0.036124,0.03586,0.19424,0.33089,0.33089,0.066194,0.0098572,0.0029875,0.025336,0,0.011765,0,0.062745,0,0,0.015686,0.023529,0,0.5098,0.0039216,0.015686,0.062745,0.26667,0.0039216,0.0078431,0.015686,0.039216,0.50196,0.5098,0.75294,0.12549,0.2549,0.76471,0.25098,0,0.50196,0.75294,0,0.51765,0.50588,0.25098,0.61961,0.062745,0.2549,0.12549,0.098039,0.031373,0.25882,0.25098,0.12549,0.12549,0.062745,0.12549,0.70588,0.32941,0.6549,0.43137,0.098039,0.79216,0.031373,0.26275,0.6902,0.094118,0.3451,0,0.027451,0.26275,0.090196,0.7098,0,0.44706,0.25098,0.2902
1597,582,1,-0.00064674,-0.00028032,0.0010711,0.0010375,-0.043536,-0.0077577,0.045823,0.014768,0.040218,-0.0035122,0.046094,0.014106,-0.00022876,-0.00039399,0.00055459,0.00077547,-0.0093724,-0.02412,0.011026,0.026548,-0.31164,-0.084521,0.31296,0.096071,0.37711,-0.028672,0.37711,0.061589,0.0015178,-0.0010524,0.004942,0.0029412,0.0169,0.015733,0.023002,0.027658,-0.29781,0.10924,0.30218,0.13696,0.34453,0.028981,0.37504,0.085793,-0.00015485,0.0035859,0.0035239,0.0050466,2.6719e-06,0.0012187,0.00079702,0.0013163,-0.049536,0.0049138,0.049536,0.008245,0.047677,0.0013931,0.047951,0.0068317,0.00047567,-2.8464e-05,0.00083507,0.00085888,0.011765,0.0039216,0,0.5098,0.50588,0.50196,0.023529,0.031373,0.0078431,0.0078431,0.12941,0.0078431,0.62745,0.0078431,0.50196,0.066667,0.0078431,0.0078431,0.015686,0.015686,0.039216,0.62745,0.50196,0,0.015686,0.56471,0.035294,0.035294,0.57255,0.15686,0,0.0039216,0.062745,0.52549,0.062745,0.60392,0,0.25098,0.027451,0.5098,0,0.88627,0.031373,0.2549,0,0.1098,0.28235,0.58039,0.25098,0.015686,0.18824,0.14118,0.05098,0.0078431,0.39216,0.63529,0.062745,0.12549,0.12549,0,0.015686,0.015686,0.18824,0.12941,0.064637,0.046878,0.13885,0.11571,0.11149,0.13339,0.23657,0.1793,0.11368,0.067347,0.015105,0.020795,0.013635,0.051504,0.29937,0.30495,0.30495,0.16888,0.031974,0.012658,0.014824,0.01512,0.067674,0.30495,0.30495,0.25079,0.060026,0.01934,0.0033681,0.0043658,0.0058304,0.036375,0.25167,0.30495,0.30495,0.088031,0.011765,0.0039216,0,0.5098,0.50588,0.50196,0.023529,0.031373,0.0078431,0.0078431,0.12941,0.0078431,0.62745,0.0078431,0.50196,0.066667,0.0078431,0.0078431,0.015686,0.015686,0.039216,0.62745,0.50196,0,0.015686,0.56471,0.035294,0.035294,0.57255,0.15686,0,0.0039216,0.062745,0.52549,0.062745,0.60392,0,0.25098,0.027451,0.5098,0,0.88627,0.031373,0.2549,0,0.1098,0.28235,0.58039,0.25098,0.015686,0.18824,0.14118,0.05098,0.0078431,0.39216,0.63529,0.062745,0.12549,0.12549,0,0.015686,0.015686,0.18824,0.12941
987,585,0,0.0011412,-0.0039616,0.0017969,0.0044948,-0.022288,-0.0078483,0.029875,0.010305,0.012087,0.0042948,0.06712,0.0089699,0.00067487,-0.00026856,0.001241,0.00090884,-0.011855,0.014848,0.012971,0.017736,-0.2888,-0.042518,0.31619,0.23633,0.32427,-0.046001,0.3871,0.092355,0.0011129,-0.00077798,0.0029819,0.0054031,-0.003384,-0.00098805,0.0044671,0.0063457,-0.33333,-0.019675,0.35765,0.059474,0.27182,0.11277,0.31091,0.21649,0.015511,-0.010336,0.018269,0.017778,-0.00073391,-0.00015362,0.001071,0.0011967,-0.028706,-0.0060565,0.08377,0.014443,0.041518,0.0054702,0.044611,0.00858,-0.0012223,0.0023767,0.0020851,0.0029141,0.011765,0.023529,0,0.0078431,0.53725,0.50196,0.015686,0,0.0078431,0.0078431,0.0039216,0,0.62745,0.0039216,0,0.066667,0.26667,0.0078431,0.015686,0.56471,0.50196,0.13333,0.035294,0.25098,0.25098,0.062745,0.0039216,0.031373,0.070588,0,0.50588,0,0,0.51765,0.28235,0,0.0039216,0.031373,0.0078431,0.0078431,0,0.0078431,0.031373,0.53725,0,0.31373,0.015686,0.019608,0,0.25098,0.062745,0,0.14118,0,0.25098,0.12941,0.0039216,0.0078431,0.0078431,0,0,0.26275,0,0,0.020325,0.036264,0.051038,0.27099,0.27099,0.14123,0.04468,0.043988,0.018452,0.070443,0.097435,0.096849,0.27099,0.27099,0.19902,0.13793,0.14234,0.11307,0.11103,0.059422,0.11304,0.17119,0.27099,0.2649,0.19897,0.17284,0.16085,0.060363,0.076245,0.1397,0.27099,0.27099,0.27099,0.11546,0.044466,0.026623,0.011765,0.023529,0,0.0078431,0.53725,0.50196,0.015686,0,0.0078431,0.0078431,0.0039216,0,0.62745,0.0039216,0,0.066667,0.26667,0.0078431,0.015686,0.56471,0.50196,0.13333,0.035294,0.25098,0.25098,0.062745,0.0039216,0.031373,0.070588,0,0.50588,0,0,0.51765,0.28235,0,0.0039216,0.031373,0.0078431,0.0078431,0,0.0078431,0.031373,0.53725,0,0.31373,0.015686,0.019608,0,0.25098,0.062745,0,0.14118,0,0.25098,0.12941,0.0039216,0.0078431,0.0078431,0,0,0.26275,0,0
740,610,0,1.0208e-05,-0.00039671,0.0010737,0.00060933,-0.05925,-0.0067698,0.05925,0.0094679,0.057966,0.008912,0.058815,0.012539,0.00018965,-0.0010732,0.00080717,0.001721,-0.003388,-0.0017603,0.0060209,0.0059946,-0.2415,-0.059119,0.4331,0.071957,0.32396,0.034051,0.33541,0.054509,9.2904e-06,-0.0027456,0.0047686,0.0073724,-0.0032961,0.00059392,0.0058541,0.0059726,-0.13901,-0.037821,0.55633,0.089928,0.26948,0.034296,0.28814,0.072111,0.0036451,0.0025533,0.0086232,0.0078152,-0.0012412,-0.00048891,0.0017321,0.001194,0.0031703,0.0068072,0.086722,0.01399,0.02124,0.0014678,0.024301,0.0056811,-7.8614e-05,-0.00040886,0.0017742,0.0016929,0.011765,0.015686,0,0.0078431,0.035294,0.50196,0,0.0078431,0.13333,0,0,0,0,0.0039216,0.12549,0.0039216,0.015686,0.13333,0,0.56471,0.75294,0.12549,0.2549,0.26275,0.25098,0.062745,0.50196,0.25098,0,0,0.50588,0.25098,0.58431,0.21961,0.2549,0.12549,0.22353,0.031373,0.15686,0.37647,0.37647,0.062745,0.031373,0.035294,0.58039,0.32941,0.70588,0.3098,0.066667,0.78431,0.031373,0.019608,0.70588,0.035294,0.3451,0.035294,0.07451,0.32549,0.086275,0.70588,0,0.32549,0.25098,0.2902,0.010703,0.014921,0.038434,0.34899,0.34899,0.060186,0.0052088,0.0056182,0.004983,0.026659,0.018519,0.040018,0.34899,0.34899,0.07782,0.020106,0.0069175,0.032091,0.010806,0.0084638,0.090151,0.34899,0.34899,0.082541,0.020158,0.013872,0.01208,0.012164,0.013872,0.085187,0.30809,0.34899,0.11021,0.031326,0.004095,0.014093,0.011765,0.015686,0,0.0078431,0.035294,0.50196,0,0.0078431,0.13333,0,0,0,0,0.0039216,0.12549,0.0039216,0.015686,0.13333,0,0.56471,0.75294,0.12549,0.2549,0.26275,0.25098,0.062745,0.50196,0.25098,0,0,0.50588,0.25098,0.58431,0.21961,0.2549,0.12549,0.22353,0.031373,0.15686,0.37647,0.37647,0.062745,0.031373,0.035294,0.58039,0.32941,0.70588,0.3098,0.066667,0.78431,0.031373,0.019608,0.70588,0.035294,0.3451,0.035294,0.07451,0.32549,0.086275,0.70588,0,0.32549,0.25098,0.2902
472,614,0,-0.0052426,-0.00049247,0.0053959,0.0013481,-0.016869,-0.020986,0.085786,0.024265,0.033921,-0.0013642,0.05431,0.011106,0.0037242,0.0011998,0.0046364,0.0016415,-0.081243,-0.022313,0.082499,0.024305,0.18446,0.013868,0.61056,0.13861,0.096172,-0.062355,0.20096,0.10161,0.039345,0.0031135,0.039531,0.012662,-0.11489,-0.031689,0.11519,0.032682,0.21519,-0.11074,0.43834,0.16896,0.23039,-0.025133,0.26231,0.17927,0.022839,0.0099223,0.02339,0.012986,-0.014381,-0.0049315,0.014519,0.0049775,0.040749,0.0025457,0.044295,0.019777,0.065174,0.03444,0.065188,0.034663,0.00087603,0.001274,0.0013361,0.0015195,0.19608,0.086275,0.047059,0.54118,0.054902,0.33333,0.52157,0.20784,0.96471,0.49412,0.11765,0.015686,0.11373,0.23529,0.22353,0.20392,0.49804,0.83922,0.25098,0.62745,0.81569,0.32157,0.86667,0.39216,0.84706,0.62745,0.17255,0.031373,0.22745,0.84706,0.85098,0.41961,0.89804,0.17255,0.26275,0.20392,0.36863,0.25882,0.031373,0.40784,0.4549,0.33333,0.015686,0.18039,0.078431,0.70588,0.89412,0.30196,0.57647,0.15686,0.6,0.05098,0.71373,0.035294,0.61176,0.34902,0.031373,0.44706,0.22745,0.21961,0.32157,0.84314,0.15686,0.97255,0.049573,0.071487,0.13379,0.30747,0.30683,0.088533,0.049646,0.020166,0.032738,0.021012,0.05764,0.17601,0.30747,0.30747,0.11122,0.037172,0.0091751,0.019792,0.097036,0.10972,0.23425,0.30747,0.15801,0.1089,0.04966,0.04645,0.053886,0.092663,0.096015,0.11697,0.30747,0.30747,0.30176,0.067322,0.050634,0.045716,0.19608,0.086275,0.047059,0.54118,0.054902,0.33333,0.52157,0.20784,0.96471,0.49412,0.11765,0.015686,0.11373,0.23529,0.22353,0.20392,0.49804,0.83922,0.25098,0.62745,0.81569,0.32157,0.86667,0.39216,0.84706,0.62745,0.17255,0.031373,0.22745,0.84706,0.85098,0.41961,0.89804,0.17255,0.26275,0.20392,0.36863,0.25882,0.031373,0.40784,0.4549,0.33333,0.015686,0.18039,0.078431,0.70588,0.89412,0.30196,0.57647,0.15686,0.6,0.05098,0.71373,0.035294,0.61176,0.34902,0.031373,0.44706,0.22745,0.21961,0.32157,0.84314,0.15686,0.97255
1320,622,0,-0.0011421,8.7523e-05,0.0013374,0.00098017,0.0017388,-0.004087,0.064982,0.014006,0.019929,-0.0059471,0.026184,0.0097458,-0.00037767,-0.00067003,0.00086892,0.0019689,-0.0012625,-0.0018928,0.0049238,0.0077589,-0.145,-0.044642,0.38915,0.13839,0.21229,-0.16414,0.21277,0.18956,-0.0026239,0.0010867,0.0058022,0.014819,-0.0054768,0.0040232,0.0090992,0.0087985,-0.30051,0.025825,0.50374,0.10116,0.34047,0.0984,0.3573,0.13728,0.0034999,-0.0012927,0.0065235,0.0048701,0.00024051,-6.7275e-06,0.0013388,0.00072275,-0.066493,0.0086858,0.067751,0.011441,0.069545,-0.0098643,0.071777,0.022646,0.00024739,-0.00019928,0.00082814,0.00098504,0.0078431,0,0,0.0078431,0.53725,0.50196,0,0.015686,0.0078431,0,0.0078431,0.015686,0.12549,0.019608,0,0.066667,0.39216,0.0078431,0,0.56471,0.75294,0,0.035294,0.25098,0.25098,0.50196,0.28235,0.031373,0.57255,0,0.50588,0.25098,0.082353,0.64314,0.31765,0.062745,0.13725,0.0078431,0,0,0.50588,0,0.031373,0.031373,0,0.078431,0.62745,0.30196,0.066667,0.25098,0.094118,0,0.20392,0,0.031373,0.53725,0.07451,0.0078431,0.13333,0.20392,0,0.011765,0,0.28235,0.01747,0.027371,0.17924,0.31488,0.31488,0.096839,0.032195,0.028825,0.013328,0.063757,0.1192,0.30606,0.31488,0.23806,0.094135,0.07858,0.069168,0.048154,0.0070583,0.03949,0.16262,0.31488,0.31488,0.14156,0.071938,0.048255,0.039668,0.022964,0.064439,0.16755,0.2153,0.21585,0.18332,0.14671,0.16517,0.059999,0.0078431,0,0,0.0078431,0.53725,0.50196,0,0.015686,0.0078431,0,0.0078431,0.015686,0.12549,0.019608,0,0.066667,0.39216,0.0078431,0,0.56471,0.75294,0,0.035294,0.25098,0.25098,0.50196,0.28235,0.031373,0.57255,0,0.50588,0.25098,0.082353,0.64314,0.31765,0.062745,0.13725,0.0078431,0,0,0.50588,0,0.031373,0.031373,0,0.078431,0.62745,0.30196,0.066667,0.25098,0.094118,0,0.20392,0,0.031373,0.53725,0.07451,0.0078431,0.13333,0.20392,0,0.011765,0,0.28235
1479,656,1,-0.0012939,0.00049596,0.0015596,0.0012947,-0.0040723,0.0037232,0.073439,0.010411,0.031611,-0.0039957,0.031843,0.0075988,-0.0024866,-0.0028686,0.0025085,0.0029686,-0.0062569,0.0017903,0.0086525,0.008515,-0.1426,-0.04127,0.52087,0.13487,0.16044,-0.20296,0.21678,0.2271,-0.0044069,0.0033163,0.038095,0.045754,-0.0077033,0.00058971,0.011725,0.010117,-0.23707,0.029821,0.4004,0.08699,0.31793,0.17961,0.31888,0.18969,0.0075895,0.022203,0.011936,0.025098,-0.0010181,-0.00020179,0.0016631,0.0006372,-0.040931,-0.0033745,0.063634,0.013097,0.060857,-0.0066886,0.063703,0.014928,0.00046976,0.0003148,0.00091663,0.0005525,0.0078431,0.023529,0,0.5098,0.50196,0,0.0078431,0.0039216,0.13333,0.25882,0.011765,0.023529,0.062745,0.12941,0.13725,0,0.015686,0.039216,0,0.58039,0.28235,0.62745,0.062745,0,0.31373,0,0.53333,0.25098,0.50196,0.50196,0.50588,0,0.18824,0.18824,0.25882,0.12549,0.098039,0.25098,0,0.75294,0,0,0.094118,0.031373,0.25098,0.078431,0.76078,0.29804,0.066667,0.031373,0.094118,0.019608,0.20392,0.031373,0.094118,0.78824,0.07451,0.26275,0.07451,0.20392,0,0.32157,0,0.40784,0.097258,0.27681,0.29585,0.19784,0.049176,0.066255,0.17373,0.060332,0.047819,0.05573,0.045534,0.032728,0.036006,0.17279,0.30429,0.30429,0.13527,0.048469,0.048454,0.081086,0.17208,0.17292,0.21717,0.30429,0.21414,0.043546,0.019248,0.015981,0.033942,0.043105,0.047224,0.21793,0.30429,0.30429,0.07884,0.019733,0.0078431,0.023529,0,0.5098,0.50196,0,0.0078431,0.0039216,0.13333,0.25882,0.011765,0.023529,0.062745,0.12941,0.13725,0,0.015686,0.039216,0,0.58039,0.28235,0.62745,0.062745,0,0.31373,0,0.53333,0.25098,0.50196,0.50196,0.50588,0,0.18824,0.18824,0.25882,0.12549,0.098039,0.25098,0,0.75294,0,0,0.094118,0.031373,0.25098,0.078431,0.76078,0.29804,0.066667,0.031373,0.094118,0.019608,0.20392,0.031373,0.094118,0.78824,0.07451,0.26275,0.07451,0.20392,0,0.32157,0,0.40784
1368,703,1,-0.0010884,0.0005971,0.0012995,0.0012543,-0.032327,-0.0020282,0.06121,0.011363,0.047058,0.0058177,0.048638,0.0092966,-0.001425,-0.0030627,0.0025215,0.0033839,-0.0072375,0.0012296,0.012519,0.0051803,-0.18832,-0.093935,0.46502,0.12437,0.1924,-0.25242,0.25605,0.25902,-0.00031946,0.0034,0.034857,0.045896,-0.019495,-0.0063597,0.022353,0.0081567,-0.13436,0.026449,0.3635,0.086061,0.27389,0.28086,0.27503,0.28086,0.0098626,0.02211,0.010864,0.025132,-0.0080009,-0.0012106,0.0081627,0.0013501,0.031223,0.0086499,0.075251,0.01811,0.021476,0.0073584,0.023891,0.0093822,-4.5645e-05,0.00052355,0.00056016,0.0017573,0.0078431,0.0078431,0,0.5098,0.50588,0,0.0078431,0.0039216,0.13333,0.25882,0.011765,0.023529,0.062745,0.12549,0.12941,0.12549,0.015686,0.039216,0,0.51765,0.28235,0.50196,0,0,0.31373,0,0.53333,0.25098,0.50196,0.50196,0.50588,0.062745,0.18824,0.18824,0.25882,0.12549,0.066667,0.25098,0,0.78431,0,0,0.094118,0.031373,0.25098,0.015686,0.75294,0.29804,0.066667,0.031373,0.062745,0.019608,0.20392,0.031373,0.59608,0.78824,0.07451,0.26275,0.07451,0.20392,0,0.32157,0,0.40784,0.1229,0.28652,0.28759,0.26766,0.074886,0.057035,0.10332,0.076108,0.065686,0.064983,0.058708,0.047555,0.035802,0.19814,0.28759,0.28759,0.13952,0.071863,0.030572,0.088007,0.2153,0.17773,0.28759,0.221,0.037503,0.021499,0.01746,0.018323,0.022834,0.038005,0.044892,0.28759,0.28759,0.28759,0.0719,0.018753,0.0078431,0.0078431,0,0.5098,0.50588,0,0.0078431,0.0039216,0.13333,0.25882,0.011765,0.023529,0.062745,0.12549,0.12941,0.12549,0.015686,0.039216,0,0.51765,0.28235,0.50196,0,0,0.31373,0,0.53333,0.25098,0.50196,0.50196,0.50588,0.062745,0.18824,0.18824,0.25882,0.12549,0.066667,0.25098,0,0.78431,0,0,0.094118,0.031373,0.25098,0.015686,0.75294,0.29804,0.066667,0.031373,0.062745,0.019608,0.20392,0.031373,0.59608,0.78824,0.07451,0.26275,0.07451,0.20392,0,0.32157,0,0.40784
910,706,0,-0.00076872,-0.0002062,0.0010496,0.00088878,-0.037149,0.0022829,0.055175,0.012793,0.050748,0.0095368,0.051468,0.017083,2.8845e-05,-0.00097173,0.00044989,0.001972,-0.014823,-0.0059002,0.017304,0.016202,-0.088488,-0.032192,0.55637,0.12386,0.284,-0.00064877,0.30251,0.073864,0.0025466,-0.00035699,0.0055284,0.010145,-0.0045724,0.0096446,0.0067415,0.012045,-0.11208,0.038521,0.50857,0.12942,0.28935,0.018261,0.29981,0.082013,0.00022254,0.0016036,0.0043945,0.0043598,-0.00022707,2.3364e-05,0.00035225,0.00065351,-0.014396,-0.0083215,0.060345,0.012746,0.036381,-0.0029297,0.039098,0.0081382,0.0007384,-0.0002703,0.0013013,0.00097095,0.011765,0.0039216,0.031373,0,0,0.50196,0.015686,0.0078431,0,0.0078431,0.027451,0,0.062745,0.12549,0,0.0078431,0.015686,0.039216,0,0.50196,0.75294,0.12549,0.25098,0.26275,0.25098,0,0.50196,0.25098,0,0,0.0039216,0.25098,0.84314,0.062745,0.31373,0.12549,0.10588,0.28235,0.50196,0.37647,0.43922,0.1098,0.21961,0.035294,0.81569,0.078431,0.96078,0.3098,0.098039,0.65882,0.094118,0.019608,0.94118,0.11373,0.094118,0.28627,0.07451,0.95294,0.2,0.7098,0,0.32549,0.37647,0.91765,0.029021,0.035462,0.077522,0.34491,0.34491,0.05421,0.026417,0.025462,0.019412,0.046845,0.073698,0.12274,0.34491,0.34491,0.05172,0.031416,0.0076744,0.017531,0.052281,0.048605,0.065743,0.28589,0.34491,0.031891,0.035561,0.038027,0.040137,0.0089244,0.025607,0.10994,0.34491,0.34491,0.1304,0.025526,0.019099,0.020989,0.011765,0.0039216,0.031373,0,0,0.50196,0.015686,0.0078431,0,0.0078431,0.027451,0,0.062745,0.12549,0,0.0078431,0.015686,0.039216,0,0.50196,0.75294,0.12549,0.25098,0.26275,0.25098,0,0.50196,0.25098,0,0,0.0039216,0.25098,0.84314,0.062745,0.31373,0.12549,0.10588,0.28235,0.50196,0.37647,0.43922,0.1098,0.21961,0.035294,0.81569,0.078431,0.96078,0.3098,0.098039,0.65882,0.094118,0.019608,0.94118,0.11373,0.094118,0.28627,0.07451,0.95294,0.2,0.7098,0,0.32549,0.37647,0.91765
1214,745,1,-0.0075108,0.0013268,0.0076222,0.0016135,0.03669,-0.0052903,0.082867,0.014929,-0.0040563,-0.009149,0.018866,0.0096087,-0.0035698,-0.00092713,0.0090024,0.0025684,-0.048514,0.0032961,0.049762,0.0071436,0.10188,-0.16096,0.43183,0.20661,-0.022266,-0.14058,0.20285,0.28826,0.037324,0.022944,0.041089,0.023331,-0.024182,0.0029165,0.025267,0.0057781,-0.05768,0.095525,0.54068,0.11243,0.26891,0.21618,0.27248,0.21861,0.011817,0.0069799,0.013385,0.0088209,-0.0015109,0.00068429,0.0016089,0.0010435,0.0042748,-0.0004439,0.098404,0.014699,0.027568,-0.0032238,0.027568,0.0094944,0.00048962,-7.408e-05,0.0010921,0.0010713,0.0039216,0.023529,0,0,0.53333,0.50196,0.039216,0,0.13333,0.25882,0.011765,0.0078431,0.50196,0.0039216,0.12941,0.0039216,0.015686,0.35294,0.015686,0.87843,0.28235,0.62745,0,0.12549,0.25098,0,0.53333,0.28235,0.56471,0,0.066667,0.066667,0.43922,0.18824,0.31373,0.15686,0.2549,0.25098,0,0.75294,0.50196,0,0.094118,0.054902,0.25098,0.015686,0.75294,0.29804,0,0.031373,0.062745,0.015686,0.12549,0.094118,0.55294,0.035294,0.066667,0.38431,0.2,0.58039,0.25098,0.32157,0,0.63137,0.14976,0.17811,0.27362,0.26999,0.10254,0.077295,0.12533,0.074879,0.071005,0.052331,0.034053,0.061741,0.087281,0.27362,0.27362,0.27362,0.16151,0.052561,0.12362,0.2128,0.27362,0.27362,0.18176,0.068565,0.056812,0.034713,0.039024,0.018527,0.064705,0.083579,0.2391,0.27362,0.27362,0.11209,0.0341,0.017433,0.0039216,0.023529,0,0,0.53333,0.50196,0.039216,0,0.13333,0.25882,0.011765,0.0078431,0.50196,0.0039216,0.12941,0.0039216,0.015686,0.35294,0.015686,0.87843,0.28235,0.62745,0,0.12549,0.25098,0,0.53333,0.28235,0.56471,0,0.066667,0.066667,0.43922,0.18824,0.31373,0.15686,0.2549,0.25098,0,0.75294,0.50196,0,0.094118,0.054902,0.25098,0.015686,0.75294,0.29804,0,0.031373,0.062745,0.015686,0.12549,0.094118,0.55294,0.035294,0.066667,0.38431,0.2,0.58039,0.25098,0.32157,0,0.63137
